lo,11705
mi,5514
do,3090
cu,2917
la,2308
pu,2171
nu,1962
se,1755
le,1596
na,1503
be,1228
ko'a,1174
ma,1154
ka,1100
ko,999
.i,933
ca,921
xu,838
ra,795
da,777
fi,642
klama,615
tom,600
ti,577
ba,496
ro,493
du'u,482
poi,467
djica,466
nelci,444
citka,418
tu'a,410
zvati,386
mutce,379
loi,375
djuno,370
ku,357
li,356
vi,350
te,323
cusku,315
ca'o,309
prenu,293
pe,268
no,265
nai,246
pa,244
ta,244
viska,239
co'a,237
zdani,236
za'u,235
cukta,232
mi'a,229
pinxe,227
jai,226
.tom.,226
zukte,222
ka'e,220
tavla,216
me,216
kei,209
mi'o,208
fa,201
ba'o,199
prami,199
re,197
kakne,195
je,195
gerku,189
i,188
ri,182
bangu,179
gi'e,177
melbi,172
karce,171
nitcu,167
bu'u,163
mlatu,162
dunda,162
xamgu,161
.tam.,161
lu,157
fo,155
li'u,154
noi,149
cliva,149
fetsi,148
e'o,147
kau,145
xabju,140
pendo,139
ralte,139
mi'ai,139
sidju,138
ku'i,138
gleki,138
fe,137
tadni,136
cmene,134
vo'a,133
pei,128
tcidu,128
na'e,128
patfu,126
verba,123
mo,122
go'i,122
nakni,122
gi,121
jinvi,120
jukpa,118
simlu,118
su'o,118
zo'u,118
.ei,117
mu'i,116
mo'u,116
ke'a,115
troci,115
gunka,114
zmadu,114
doi,113
au,113
ki'u,112
so'i,112
lonu,111
lo'e,110
roi,108
nanmu,108
du,107
jimpe,107
denpa,105
makau,104
vecnu,103
mamta,102
va,101
.e'o,101
da'i,101
ctuca,101
cnino,100
ei,100
ke,98
co'u,96
cabdei,96
ninmu,95
zo,94
ce'u,93
po'o,93
vau,93
ponse,92
sai,92
cilre,92
prulamdei,91
penmi,91
barda,90
co'e,89
cmalu,89
ciska,88
joi,88
la'e,88
djedi,88
jdini,88
morsi,87
bo,87
sipna,86
pilno,86
drata,86
ckule,86
nanla,85
ma'a,85
gau,85
tai,85
ni,84
mu,84
nixli,83
pluka,83
nanba,83
plise,81
kumfa,81
ckafi,81
xebni,81
dukse,80
sutra,80
.e,80
nanca,79
fasnu,78
zarci,78
titnanba,78
bilga,77
pe'u,77
cadzu,77
traji,77
pe'i,77
zi,76
carvi,76
.au,76
zasti,75
jetnu,74
ci,74
speni,74
jmive,73
ne'i,73
tu,73
tatpi,73
drani,73
jufra,72
ze'a,72
co,72
bruna,71
catra,71
la'o,71
kansa,70
zo'e,70
xo,69
to'e,69
gasnu,69
pe'a,69
terpa,69
djacu,68
remna,68
mikce,67
tirna,67
snada,67
pensi,66
va'o,66
gugdepuxe,66
stali,65
nandu,65
catlu,65
sei,65
nenri,65
ta'i,64
zbasu,64
tcadu,64
po,64
morji,64
sanga,63
fai,63
coi,63
nicte,62
bavlamdei,62
bau,62
limna,61
di'u,61
gugde,61
.e'u,61
bebna,61
slabu,60
vajni,60
bajra,60
mensi,60
tcati,60
binxo,60
moi,59
krici,59
simsa,58
finti,58
mei,58
glibau,57
zgana,57
za'o,57
srera,57
lenku,56
kelci,56
fanva,56
ji'a,56
valsi,56
jbena,55
skami,55
klaku,55
munje,55
rirni,55
e,55
.meris.,55
dei,54
tricu,54
lerci,54
co'i,54
jundi,54
certu,54
sisti,54
jibri,54
ponjo,53
mrobi'o,53
smuni,53
sarcu,53
cidja,53
lumci,52
fengu,52
preti,51
ve,51
curmi,51
cpedu,51
zoi,51
dasni,50
facki,49
ko'e,49
lo'i,49
cevni,49
jubme,49
dinju,49
frili,48
mi'e,48
so'o,48
vitke,48
nabmi,48
kanro,48
je'a,48
jungau,48
banli,47
glico,47
cirko,47
ta'e,47
stuzi,47
noda,47
zgike,46
finpe,46
e'u,46
carmi,46
kanla,46
banzu,46
tixnu,46
tsani,46
bilma,45
cinri,45
jinga,45
xunre,45
jarco,44
cortu,44
kukte,44
fau,44
ri'a,43
fu,43
.ai,43
pu'i,43
ckire,43
roroi,42
glare,42
xance,42
xekri,42
je'u,42
terdi,42
roda,42
meris,42
cinmo,41
bersa,41
xrula,41
jdice,41
re'u,41
casnu,40
cipni,40
vofli,40
ba'e,40
clani,40
spaji,40
zifre,40
jdima,40
xagji,40
kerfa,40
cu'i,40
zutse,39
la'a,39
jo'u,39
lisri,39
pacna,39
vo,39
ju'o,39
zenba,39
de,39
bi'unai,39
tom.,39
ricfu,39
maris,39
jisra,39
smaji,38
kabri,38
pixra,38
cpacu,38
retsku,38
ga'inai,38
cerni,37
ui,37
vorme,37
junla,37
blabi,37
loka,37
xlali,37
pexfebdja,37
terve'u,36
za'i,36
cikre,36
fi'o,35
nonkansa,35
farlu,35
ti'u,35
litru,35
xatra,35
.a'o,35
cifnu,34
lacri,34
mulno,34
xendo,34
ladru,34
spofu,34
cumki,34
cuxna,34
danlu,34
crino,34
snime,34
zei,34
lanzu,34
pagbu,34
birti,34
noroi,34
bisyladru,34
tcika,33
spuda,33
cacra,33
zerle'a,33
sisku,33
cakla,33
xamsi,33
milxe,33
laldo,32
na'o,32
stidi,32
.ui,32
srana,32
dansu,32
fliba,32
zabna,32
solri,32
jalge,32
panzi,32
tadji,32
la.,32
ze'i,31
rinka,31
sa'u,31
cikna,31
cizra,31
bevri,31
citno,31
bredi,30
ciksi,30
ty,30
la'oi,30
pu'o,30
lebna,30
sedu'u,30
sazri,30
ja'e,30
mipri,30
xe,30
merko,30
ckiku,30
smusku,30
sinma,29
ganai,29
tugni,29
sidbo,29
.u'e,29
ja'a,29
ka'ai,29
fragari,29
.ije,29
simxu,29
badri,29
lojban,29
titla,29
kargau,28
kanpe,28
zdile,28
sanji,28
fraso,28
cfari,28
cmana,28
lifri,28
benji,28
tezu'e,28
ja'o,28
surla,28
badna,28
senva,27
rirxe,27
sanli,27
tcini,27
za,27
jungo,27
malsi,27
jitfa,27
do'i,27
panka,26
canko,26
kurji,26
cutci,26
tcana,26
pano,26
ckaji,26
dakli,26
bisli,26
bei,26
pi'e,26
ze'e,26
du'e,26
skicu,26
krinu,26
taxfu,26
lodu'u,26
nelti'i,26
fonxa,25
ckape,25
tcima,25
ja,25
mabla,25
fenki,25
darxi,25
ti'e,25
pleji,25
nei,25
nupre,25
blanu,25
ije,25
.oi,25
lei,25
kargu,25
xagrai,25
.e'a,25
vamji,25
stasu,24
pulji,24
cisma,24
misno,24
rismi,24
jeftu,24
bloti,24
renro,24
ji'i,24
xruti,24
mapti,24
vinji,24
danfu,24
cinba,24
klaji,24
jamfu,24
di'ai,24
sanmi,24
ctigau,24
tsali,23
so'e,23
xa,23
naku,23
so'u,23
ze'u,23
ka'enai,23
trene,23
xirma,23
fagri,23
punji,23
skina,23
mentu,23
ru'e,23
bazi,23
sepi'o,23
ki'e,23
cipra,23
sance,23
tsuku,23
rivbi,23
e'a,23
frambesi,23
gi'i,22
clira,22
cpare,22
tinju'i,22
cpana,22
rupnu,22
xanka,22
minde,22
nuzba,22
sinxa,22
cai,22
pi,22
nu'o,22
nerkla,22
poi'i,22
temci,22
platu,22
.u'u,22
frica,22
cmima,22
gusni,21
zu'e,21
manku,21
muvdu,21
ze,21
darno,21
jatna,21
renvi,21
xajmi,21
mudri,21
ticysku,21
de'i,21
briju,21
ku'o,21
le'e,21
pesxu,21
palci,21
meris.,21
spebi'o,21
stace,21
gunma,21
cticpe,21
ge,20
xrukla,20
ba'a,20
ganse,20
daspo,20
tcica,20
lunra,20
rinsa,20
nolraitru,20
xusra,20
tarti,20
za'a,20
xa'o,20
rozgu,20
gusta,20
smacu,20
tuple,20
bunre,20
ju'i,20
dunli,20
tarci,20
masno,20
xotli,20
claxu,20
krasi,20
grusi,20
.maris.,20
bakyjba,20
saske,19
minji,19
birje,19
purdi,19
ckana,19
jmina,19
galfi,19
jibni,19
tolcando,19
lojbo,19
.ue,19
fraxu,19
cu'u,19
xenru,19
mukti,19
mintu,18
tanxe,18
kavbu,18
bradi,18
fasybau,18
vlacku,18
jdika,18
sovda,18
culno,18
makcu,18
je'i,18
spita,18
tolci'o,18
relxilma'e,18
pastu,18
tolmo'i,18
famti,18
fonta'a,18
pipno,18
plipe,18
salci,18
sakta,18
cmila,18
renytcana,18
tolcri,18
spatrmenta,18
damba,18
prane,18
nau,18
najnimre,18
jduli,18
titybisli,18
tcatrboba,18
ce'o,17
no'e,17
pi'o,17
kerlo,17
ne,17
jbera,17
ca'a,17
cilmo,17
mitre,17
xrani,17
tinbe,17
rokci,17
pluta,17
za'ure'u,17
fange,17
pamoi,17
lai,17
.io,17
.djan.,17
stati,17
secau,17
kagni,17
lenjo,17
si'au,17
zo'ei,17
za'e,17
ladrnceiki,17
cuntu,16
mergu'e,16
ru'i,16
ditcu,16
steci,16
damva'u,16
vimcu,16
tilju,16
ji,16
vanju,16
.ie,16
ko'oi,16
gy,16
grute,16
zanru,16
soi,16
di'i,16
bartu,16
puzi,16
vrude,16
plini,16
bi'u,16
rutrkoko,16
ai,16
lektcati,16
zu'ai,16
verntineidja,16
tcaci,15
pinsi,15
fanza,15
stedu,15
snuti,15
fadni,15
ga'orgau,15
minra,15
tordu,15
bacru,15
penbi,15
ta'o,15
dakfu,15
kucli,15
vasru,15
matne,15
sorprekarce,15
dotybau,15
skari,15
krixa,15
bakni,15
bi,15
porpi,15
karni,15
cnita,15
seja'e,15
katna,15
cirla,15
pencu,15
jitro,15
pampe'o,15
kibro,15
si'unai,15
jgari,14
stizu,14
semau,14
mapku,14
loldi,14
bende,14
.e'unai,14
masti,14
prije,14
rectu,14
cmaci,14
panpi,14
ni'a,14
raltca,14
pongu'e,14
vu,14
ckusro,14
lakne,14
lazni,14
santa,14
paroi,14
goi,14
li'a,14
cfipu,14
krefu,14
xagmau,14
.e'e,14
sa'e,14
jgira,14
brife,14
fudbolo,14
bai,14
ri'ornimre,14
ni'i,13
blaci,13
raktu,13
pemci,13
jilra,13
mu'a,13
dotco,13
jelca,13
mleca,13
flalu,13
fonjudri,13
jamna,13
jersi,13
creka,13
kacma,13
srasu,13
jipci,13
pikta,13
crisa,13
menli,13
bitmu,13
rusko,13
racli,13
mencre,13
.aunai,13
dunra,13
javni,13
ca'e,13
selfu,13
pagre,13
silna,13
pante,13
le'o,13
tivni,13
gunta,13
to'o,13
e'e,13
lyl,13
iaryslyv,13
cikybi'o,12
cribe,12
je'e,12
botpi,12
nunji'e,12
mrilu,12
lerfu,12
satci,12
kajde,12
sedyta'u,12
nazbi,12
zo'oi,12
so,12
mupli,12
vacysai,12
junri,12
ue,12
dargu,12
carna,12
.iu,12
fa'u,12
bolci,12
ganlo,12
selkei,12
clite,12
cladu,12
balvi,12
mansa,12
fi'i,12
trixe,12
senpi,12
makfa,12
jugbau,12
midju,12
sairfa'o,12
remei,12
do'u,12
pi'i,12
xalka,12
ru'a,12
prali,12
pelji,12
cafne,12
pindi,12
tam.,12
nobli,12
esporte,12
sonci,12
varnila,12
lenu,11
oi,11
balcu'e,11
co'o,11
fanmo,11
ricfoi,11
klesi,11
ponbau,11
po'u,11
u'e,11
marce,11
gi'a,11
lalxu,11
zi'o,11
selpo'e,11
prulamcte,11
li'i,11
se'ixru,11
snuji,11
kalri,11
smadi,11
bangenugu,11
si'a,11
.uanai,11
pau,11
lijda,11
daplu,11
djan.,11
gletu,11
snura,11
romoi,11
taske,11
caca'o,11
so'imei,11
vacri,11
cinfo,11
dilnu,11
fa'a,11
vlipa,11
xalbebna,11
do'o,11
zeldei,11
cenba,11
tolzdi,11
plixau,11
ga,11
atl,11
taigrteil,11
samcu,11
kukis,11
fonjorne,11
ne'a,10
lamji,10
la.tokion.,10
dormijysai,10
gugdejupu,10
gugde'usu,10
banro,10
dacti,10
xanri,10
a'o,10
baza,10
ki'o,10
caucni,10
ce,10
su'i,10
suksa,10
mulgau,10
plana,10
solji,10
jbobau,10
kosta,10
pare,10
kufra,10
zdadi'u,10
brafi'a,10
ractu,10
panci,10
brazo,10
ty.,10
fatci,10
ciblu,10
fuzme,10
klina,10
ralju,10
jerna,10
zmanei,10
boston,10
vasxu,10
mokau,10
volve,10
spusku,10
ckeji,10
jo,10
dai,10
de'a,10
nudle,10
agbakate,10
mo'oi,10
liste,9
savru,9
cnano,9
selsau,9
mau,9
tigni,9
pruxi,9
fanta,9
rau,9
turni,9
vrusi,9
seka'a,9
sfasa,9
cabna,9
spati,9
banxa,9
go,9
vanbi,9
uinai,9
lafti,9
cmatca,9
su'e,9
panono,9
dau,9
cintypu'i,9
farna,9
so'a,9
ie,9
je'upei,9
pluja,9
risna,9
virnu,9
kalte,9
kunti,9
stagi,9
ry.,9
pezli,9
.tokios.,9
basfa,9
.a'u,9
batci,9
jugygu'e,9
.i'e,9
censa,9
pritu,9
be'o,9
grana,9
jgita,9
tarmi,9
.y.,9
nelrai,9
.enai,9
farvi,9
jinsa,9
moklu,9
do'e,9
bavla'i,9
pamei,9
sampu,9
di'a,9
za'umei,9
tolgleki,9
spisa,9
broda,9
capyju'i,9
.e'i,9
cumymu'efi'a,9
bu'a,9
manci,9
sy.,9
losedu'u,9
xunai,9
rutrceraso,9
mo'ire'o,9
darca,9
ratcu,8
basti,8
akti,8
veltivni,8
sumne,8
dejni,8
cunso,8
tam,8
reno,8
flira,8
xrabo,8
ny,8
xanto,8
nurma,8
seldu'a,8
ka'u,8
ki'a,8
lanci,8
si'o,8
va'u,8
judri,8
canci,8
detri,8
citri,8
tolcliva,8
bregau,8
baktu,8
cfila,8
jinme,8
su'u,8
selsa'a,8
galtu,8
.e'apei,8
.ken.,8
fasygu'e,8
vanci,8
voksa,8
tu'i,8
cartu,8
zo'o,8
ga'u,8
lojban.,8
vreta,8
nalju'o,8
zu'edji,8
zgipli,8
dirba,8
vindu,8
vifne,8
sabji,8
jaurcarvi,8
foldi,8
cmoni,8
tolsanji,8
sepli,8
jupku'a,8
.imu'ibo,8
palta,8
no'u,8
ru,8
darsi,8
xalbo,8
tecra'a,8
zukcfu,8
catni,8
kruji,8
jadykevri'a,8
mango,8
zduriane,8
gumri,8
nargrpistaco,8
si'ercarvi,8
jvinu,7
fusra,7
sega'a,7
ken,7
barkla,7
cripu,7
selpla,7
maik,7
.o'i,7
kinli,7
papri,7
u'u,7
djon,7
xadykelci'e,7
larcu,7
ganlygau,7
po'e,7
xaksu,7
ti'a,7
jipno,7
cange,7
rebla,7
xaskoi,7
ga'a,7
paris,7
pensi'u,7
.alis.,7
fapro,7
py,7
sarji,7
cy.,7
bandu,7
tirse,7
.bil.,7
klamu'o,7
mirli,7
cy,7
betfu,7
ia,7
barja,7
sevzi,7
jorne,7
celxa'i,7
le'i,7
.a'e,7
xriso,7
.tonis.,7
xavdei,7
banjupunu,7
va'e,7
critu,7
gerna,7
ny.,7
xalpinxe,7
aftobuso,7
befi,7
zoi.,7
korbi,7
tatoebas.,7
va'i,7
palku,7
.lojban.,7
zunle,7
.paris.,7
no'a,7
caku,7
rirpa'u,7
micyxu'i,7
sorpeka,7
serai,7
sezycatra,7
cladakyxa'i,7
rarna,7
.o'u,7
tolxanka,7
batke,7
cradi,7
pavdei,7
datni,7
e'apei,7
boltipyjvi,7
toljinsa,7
pare'u,7
naje,7
lidne,7
gacri,7
notci,7
ropa,7
perli,7
patlu,7
piro,7
ru'u,7
me'i,7
gapci,7
xelso,7
dotygu'e,7
pelxu,7
xukau,7
klani,7
.o'o,7
kevna,7
i'a,7
ni'u,7
.ia,7
e'i,7
mitysisku,7
sisyvi'e,7
kalmari,7
bu,7
malsorgle,7
gajanai,7
blacykabri,7
jacrxatole,7
bistcati,7
xoi,7
flora,7
VFD,7
.olkai,7
Mi,7
tcila,6
vijytcana,6
bancu,6
ua,6
marji,6
lecydo'i,6
djan,6
tokios,6
pa'o,6
radytu'i,6
je'asai,6
junta,6
pa'u,6
zunti,6
ra'i,6
ka'a,6
bapli,6
spano,6
ca'u,6
mo'i,6
ju'a,6
ma'urcu'e,6
pamu,6
paxa,6
zu,6
gidva,6
stika,6
fipkalte,6
vreji,6
nibli,6
gungunma,6
to'u,6
stuna,6
mexno,6
ka'argau,6
bramau,6
xauzma,6
selsku,6
muzga,6
xarci,6
.ibo,6
kadno,6
tolyli'a,6
be'u,6
baupli,6
gai,6
vlile,6
xazdo,6
nu'e,6
ckakla,6
birka,6
.ua,6
.uinai,6
latmo,6
rajycla,6
tikygau,6
ckupra,6
kanjunla,6
maris.,6
febvi,6
softo,6
ve'u,6
gy.,6
danre,6
puku,6
.ijo,6
frati,6
du'o,6
ruble,6
bandu'e'u,6
mencti,6
tersla,6
mo'a,6
jenai,6
vimku'a,6
.o,6
danmo,6
selzu'e,6
reroi,6
mo'e,6
nunsla,6
kulnu,6
toldarsi,6
rukybau,6
gi'enai,6
cupra,6
venfu,6
.i'a,6
fe'e,6
cau,6
viku,6
xadni,6
.uidai,6
zdizma,6
frasybau,6
prula'i,6
jecu,6
.u'i,6
flaume,6
sekai,6
.a'i,6
korcu,6
dembi,6
ro'o,6
ga'i,6
termu'i,6
kanba,6
ponas.,6
cakcurnu,6
mu'ima,6
me'o,6
bemjoitco,6
nanbrmotci,6
reisku,6
urja,6
bakrbisoni,6
nurgau,5
vo'e,5
sigva'u,5
nagi'enai,5
bifce,5
drudi,5
jbedetnunsla,5
selgu'a,5
fi'u,5
la.tam.,5
jo'a,5
tolzau,5
do'anai,5
da'a,5
darlu,5
dy,5
io,5
pinka,5
bavlamna'a,5
la.tatoebas.,5
degji,5
ii,5
zekri,5
iu,5
re'o,5
.i'i,5
.uu,5
tunba,5
ge'e,5
diklo,5
jy,5
purci,5
jei,5
janli,5
cersai,5
gubni,5
mivdalmuzga,5
cnixai,5
mulkla,5
jinzi,5
cino,5
sefta,5
fulta,5
.a'enai,5
pabi,5
ke'o,5
Tatoeba,5
.osakas.,5
zvafa'i,5
lorxu,5
paci,5
lyndyn,5
cinki,5
o'i,5
sombo,5
desku,5
latcmo,5
ranji,5
fi'a,5
ginai,5
sruma,5
jbopre,5
cidjrsuci,5
zanvi'e,5
klingon.,5
muno,5
gugja'a,5
ropno,5
rapli,5
sy,5
ckini,5
py.,5
ranti,5
cu'upre,5
.tcyn.,5
dinsauru,5
vu'u,5
loni,5
funca,5
so'iroi,5
gunse,5
coico'o,5
tokios.,5
denci,5
zu'o,5
.a,5
ckuzda,5
tirxu,5
na.e,5
skapi,5
.e'enai,5
tolmencre,5
celgunta,5
kamka'o,5
ckasu,5
cimoi,5
jikca,5
a,5
selja'e,5
ganzu,5
.o'onai,5
rodo,5
my.,5
nunjmaji,5
sispe'i,5
seri'a,5
ba'i,5
enai,5
sraji,5
ky,5
namcrprimu,5
najgenja,5
stogau,5
donri,5
narju,5
itku'ile,5
si'u,5
uo,5
kalsa,5
karbi,5
toldra,5
jaspu,5
stapa,5
cinpe'o,5
fesli'a,5
mivru'e,5
cazi,5
kalci,5
vrogai,5
cinmle,5
kacmyterxra,5
setca,5
.ionai,5
la'edi'u,5
seldu'u,5
.djon.,5
tutci,5
marna,5
kusru,5
.a'a,5
cev,5
kensa,5
ke'u,5
zu'u,5
ro'i,5
puba'o,5
pitsa,5
«lu,5
li'u»,5
crori'a,5
vedli,5
kansi'u,5
zu'i,5
taksi,5
nonseka,5
bambola,5
titygejyspa,5
cipnrstrutio,5
tca'anka,5
zingibero,5
aDIL,5
rutrlitci,5
datka,5
moi'o,5
strelka,5
da'ai,5
zei'a,5
va'ei,5
kosmu,5
julbaco,5
plika'e,5
ĭancu,5
torta,5
cabycte,4
jicmu,4
seva'u,4
sipybi'o,4
simsysi'u,4
pofygau,4
tikpa,4
i'i,4
nalgundei,4
pe'ipei,4
london,4
prulamna'a,4
cerda,4
cinla,4
xai,4
la.kioton.,4
pajni,4
labno,4
mabru,4
catke,4
lanka,4
slari,4
ja'asai,4
panra,4
ki'ogra,4
tercu'e,4
lanme,4
bil,4
ctesai,4
selsre,4
linji,4
ju'u,4
zgica'a,4
mu'e,4
djeimyz,4
cilce,4
ju'ocu'i,4
stici,4
berti,4
la.xokaidon.,4
terzu'e,4
jisygau,4
xismalsi,4
fi'e,4
selve'u,4
purlamdei,4
citmau,4
.aupei,4
seltivni,4
da'inai,4
vi'o,4
mlana,4
nunspe,4
gi'o,4
condi,4
laktergu'i,4
papa,4
jalra,4
balni,4
.e'osai,4
toldi,4
purmo,4
pa'arbau,4
cando,4
brablo,4
la'ede'u,4
aupei,4
tankypli,4
gugdefu'i,4
fepni,4
.iku'i,4
razgu'e,4
bangepu'o,4
pinfu,4
ly,4
draci,4
mi'afra,4
porto,4
.i'u,4
ze'epu,4
smani,4
vidni,4
ma'i,4
vlaste,4
.abu,4
.ii,4
paris.,4
lozu'o,4
.oinai,4
ni'o,4
loza'i,4
muslo,4
dalpe'o,4
cipnrkorvu,4
djon.,4
.a'unai,4
islant,4
cipnrlaru,4
di'o,4
skiji,4
tolju'i,4
seki'i,4
girzu,4
fetspe,4
kindi'u,4
ji'u,4
kicne,4
sera'a,4
.meiris.,4
lunbe,4
xislu,4
titspi,4
bino,4
kenra,4
canre,4
plekarni,4
ciroi,4
eipei,4
xo'e,4
.esperanton.,4
tolmorji,4
klasazri,4
rijno,4
neltai,4
selfri,4
selpa'i,4
sanbau,4
nunpe'i,4
nicygau,4
jmaji,4
crepu,4
ci'erkei,4
zernalfu'e,4
fatri,4
tamne,4
clarai,4
djak,4
tumla,4
jbini,4
fukpi,4
cecmu,4
verclibau,4
.u'a,4
.bastn.,4
besna,4
ki'otre,4
jelgau,4
cabra,4
ragve,4
[.io],4
.uo,4
vi'esta,4
radycru,4
ge'o,4
by,4
xo'o,4
seljibri,4
cecla,4
crane,4
toknu,4
jenca,4
tolcru,4
selbapselfu,4
gi'eku'i,4
.ainai,4
selzdifri,4
selta'i,4
pirlarfi'i,4
ba'u,4
naru'e,4
ve'i,4
fancu,4
dicra,4
xi,4
genja,4
.i'o,4
tubnu,4
ra'u,4
mi'u,4
ro'e,4
bu'o,4
blucri,4
jimca,4
randa,4
kakpa,4
nalcumki,4
bi'ucu'i,4
rotsu,4
mai,4
pedbi'o,4
nagi'e,4
camcpe,4
sruri,4
selpau,4
calku,4
selti'i,4
gendra,4
citsi,4
tasta,4
tokis.,4
jbama,4
de'u,4
gercmo,4
borg,4
ca'i,4
pu'e,4
kenka,4
na'azma,4
la'edo'i,4
vukro,4
saksruseibo'i,4
karkade,4
volfalnu,4
rasyjukpa,4
guzmrkukurbita,4
mernta,4
gredile,4
nargrkaju,4
rutrprunu,4
glatcati,4
skepre,4
te'o,4
flulimna,4
bisyladytcati,4
zvasta,4
nilyla'e,4
brode,4
cesyvu'e,4
zvajbi,4
ri'oi,4
ly.,3
snanu,3
jbixa'u,3
gugdecunu,3
selsmu,3
lacni,3
cintyxra,3
trang,3
kulku'a,3
saras,3
la.osakan.,3
toldji,3
ckali'a,3
la.lyndyn.,3
paf,3
jim,3
genai,3
kilto,3
grake,3
.tokion.,3
jdaca'i,3
tanbargu,3
jbirai,3
du'i,3
na'i,3
be'e,3
nolnau,3
rere,3
selska,3
terjbe,3
vensa,3
sfofa,3
paso,3
ko'o,3
.tokyion.,3
cmari'e,3
gi'u,3
selstidi,3
vono,3
selnu'e,3
.tato'ebas.,3
.tatoebas.,3
si,3
la.nuiork.,3
budjo,3
cabycerni,3
.nansis.,3
gundi,3
cabna'a,3
my,3
xadba,3
fanri,3
.an.,3
ponpre,3
nalzvati,3
.deivid.,3
toltce,3
po'onai,3
abu,3
se'inai,3
rigni,3
so'eroi,3
selcru,3
since,3
sumji,3
le'ipli,3
terbe'i,3
sela'u,3
.ianai,3
rom,3
ci'arse'u,3
di'e,3
memimoi,3
lu'i,3
skori,3
ctile,3
ki'esai,3
kaidji,3
romas.,3
farcri,3
claselxadni,3
limla'u,3
cu'e,3
ckudi'u,3
sicni,3
.zoi,3
ga'arboijvi,3
seicni,3
smuci,3
jirlu'i,3
niut,n.,3
bansuve'e,3
la.rab,rt.,3
skudji,3
banru'usu,3
logji,3
mligla,3
zy,3
sazysti,3
terpemci,3
na’e,3
gunkansa,3
natmrxanguke,3
datygugvi'e,3
ronru'u,3
minli,3
xy.,3
gento,3
selci,3
slasi,3
kruca,3
rutni,3
banvu'olu,3
.lyndyn.,3
.tomas.,3
laldymau,3
.iumis.,3
xejykre,3
ta'onai,3
□,3
su'oroi,3
ju'oru'e,3
puco'a,3
dadjo,3
nonon,3
node,3
jaurvasmro,3
prenrxinuiti,3
li'o,3
.kiotos.,3
.gy.,3
su'a,3
.amerik.,3
pikci,3
nurxru,3
canja,3
serti,3
maxri,3
xokaidon.,3
se'u,3
.i'anai,3
kamvli,3
selfuzme,3
.uesai,3
jadni,3
puki,3
caxmati,3
parbi,3
na.enai,3
xasli,3
falo,3
pengau,3
tcexau,3
dinvau,3
jbibi'o,3
badydi'u,3
dafsku,3
selte'i,3
dertu,3
nondei,3
nalre'ucti,3
-,3
ze'aba,3
vikmi,3
...,3
18,3
jaginai,3
lekmi'i,3
brito,3
iptsa,3
tonis,3
cnitcini,3
jivna,3
pu'u,3
karli,3
.eidai,3
lanli,3
nilce,3
vei,3
cedra,3
cinse,3
tunta,3
.ija'ebo,3
kampu,3
smacni,3
tutra,3
a'u,3
kuckla,3
tolcre,3
zdazva,3
vrici,3
na'ebo,3
da'apa,3
festi,3
cmibi'o,3
noltruni'u,3
tepygau,3
zmarai,3
mulna'u,3
malxaksu,3
di,3
lamli'e,3
.iki'ubo,3
nipon,3
lacpu,3
daski,3
ranmi,3
vi'ecpe,3
baziku,3
selzda,3
dunku,3
cumri'a,3
pujeca,3
jdari,3
krokodilo,3
la'acu'i,3
xarju,3
.naras.,3
sipta'i,3
neltce,3
bralai,3
sezlu'i,3
sudgaubu'u,3
fy,3
relselxi'u,3
janbe,3
tolvai,3
mokca,3
tolcau,3
prulamjeftu,3
vaizma,3
korvo,3
livla,3
xebro,3
krali,3
cnemu,3
jonai,3
crebi'o,3
flacre,3
.nu,iork.,3
skuckire,3
kacmyxra,3
zirpu,3
.onai,3
sigja,3
nomei,3
pamjai,3
pa'a,3
natfe,3
gu,3
krevi'u,3
ctununta'a,3
zanselfu'a,3
spoja,3
janta,3
reldei,3
mumdei,3
coi.,3
cimei,3
ga'icu'i,3
.o'e,3
djusku,3
citmle,3
nunjamna,3
je'urja'o,3
xokau,3
tolplixau,3
malcrexalbo,3
vobmipri,3
klasti,3
bloja'a,3
tolmelbi,3
.o'anai,3
fe'i,3
gi'onai,3
zaisle,3
.ijebo,3
karda,3
.e'anai,3
nurxrugau,3
tolnelci,3
karcyckiku,3
sralygu'e,3
ce'i,3
do'a,3
betka,3
friti,3
dandu,3
.o'a,3
.u'o,3
jutsi,3
remoi,3
se'o,3
u,3
tolkargu,3
ro'a,3
zumri,3
se'a,3
u'i,3
re'i,3
eisai,3
an,3
bi'o,3
kalcyvi'i,3
golf,3
lindi,3
mo'ifli,3
telgau,3
jadyke'a,3
pruce,3
xrubei,3
slaplespi,3
nerpu'i,3
bevbe'i,3
patsti,3
selsanga,3
lazme'e,3
a'ucu'i,3
pi'ai,3
mu'ei,3
semu'i,3
ju,3
salpo,3
fudzi,3
sorta,3
xrugau,3
naldrani,3
rumgau,3
seba'i,3
dy.,3
falonu,3
djim,3
zilkancu,3
grasu,3
tato'ebas,3
.platon.,3
sau,3
snidu,3
20,3
tolpro,3
sajysne,3
kamni,3
klagau,3
cipa,3
dimna,3
kulnrfilipino,3
ratni,3
zilzena,3
pudydi'u,3
gugdetuxe,3
jisrnkarkade,3
oxtapodi,3
seme'a,3
tapiokas,3
guntrusi'o,3
rutrjujube,3
bicydja,3
vanjba,3
tcatrslaci,3
persimo,3
granate,3
xlarai,3
tolmle,3
fazgau,3
zulxanpre,3
cizrkafka,3
remu,3
forca,3
banzuni,3
murmura,3
xau,3
aidji,3
erve,3
caksova,3
.bufylos.,3
rebdesygau,3
stuvi'e,3
kairpau,3
setmima,3
julpuco,3
trajynei,3
traide,3
traduki,3
roldei,3
kosmycau,3
datpre,3
uanji,3
uenzi,3
.aidji,3
fau'u,3
.bufalos.,3
itlo,3
ti'erna,3
cutne,2
.keit.,2
.xelvetik.,2
.farcad.,2
uacai,2
la.ken.,2
falcru,2
narseljukpa,2
la.djan.,2
tsina,2
la.bil.,2
vilti'a,2
spesti,2
seltarbi,2
aunai,2
o'onai,2
e'onai,2
steba,2
selka'e,2
pamcni,2
zgiterca'a,2
violni,2
nansis,2
iepei,2
la.tonis.,2
dunja,2
jacke'o,2
.u'anai,2
plisytricu,2
fintce,2
ci'apre,2
ka'erbi'o,2
banginu'a,2
bukpu,2
terdu'a,2
bijyjbu,2
betri,2
zu'a,2
ke'e,2
nolni'u,2
lecycikna,2
la.kastros.,2
braplu,2
cagda'u,2
jirsezlu'i,2
citni'u,2
lisycku,2
tercku,2
panrysi'u,2
krucysi'u,2
ninyna'a,2
samselpla,2
nabypalne,2
ma'ekla,2
gunro,2
.betis.,2
zu'ejdi,2
gekygau,2
ta'a,2
la.meris.,2
jintitnanba,2
gugdecuxe,2
bangisulu,2
bansuve'a,2
sirji,2
.cy,2
krati,2
xilckabu,2
selcme,2
.xopkins.,2
.uisai,2
i'e,2
xlura,2
.e'usai,2
.samantas.,2
la.pacrid.,2
Tom,2
delfinu,2
biskruji,2
zukybajra,2
.pol.,2
jetfu,2
la.siatl.,2
la.rom.,2
paze,2
filta'a,2
selylacri,2
xisyjbenunsla,2
piso'i,2
di'inai,2
tolsnuti,2
gaunai,2
simsarxe,2
xokaidos,2
puza,2
jegvo,2
.oipei,2
nalzva,2
bakri,2
mexygu'e,2
la.esperanton.,2
spe'ato,2
baurnuludu,2
.iicai,2
toljisyzma,2
mafni'u,2
bangrklingo,2
la.cev.,2
tolckape,2
ja'aru'e,2
.uicai,2
bob.,2
mari,as.,2
gugdenulu,2
vonoki'o,2
tolsurla,2
xelsinkis.,2
fe'a,2
bantuluxe,2
peitcin.,2
vlydivaSTOK.,2
gugderu'u,2
puca'o,2
nalci,2
selspe,2
bangitu'a,2
litki,2
bongu,2
banke'u'e,2
klacpe,2
.bi,uas.,2
gugdecu'a,2
crovu'i,2
pijyskepre,2
шу,2
ло,2
vidnyselkei,2
djordj.,2
.a'osai,2
.alyn.,2
lyndyn.,2
febgau,2
maik,l.,2
djaks,n.,2
naun.,2
ju'opei,2
djarspageti,2
.djonz.,2
djonz.,2
lobypli,2
meljo,2
.sen.micel.,2
je'erjinto,2
litce,2
ve'e,2
xuaKIN.,2
gugdeburu,2
djein.,2
lemi,2
nuncasnu,2
ctufau,2
.ijeku'i,2
by.,2
.iesus.,2
.uan.,2
citnymau,2
pruprulamdei,2
cionmau,2
jeku'i,2
prulamvanci,2
levi,2
tarci'e,2
radji'i,2
pilji,2
ledu'u,2
lepu'u,2
zanfri,2
denmi,2
reki'o,2
animizm,2
nafselte'i,2
trenytcana,2
najenai,2
01,2
14,2
xaitis,2
pe'isai,2
lo'u,2
le'u,2
so'omei,2
.miuri'el.,2
japyvla,2
ctebi,2
gluta,2
.nipon.,2
fe'eroroi,2
selcelmrogau,2
.uan.laos.dzis.,2
nakla,2
pe'anai,2
xindo,2
nu'ogle,2
varcavas,2
gugde'isu,2
jy.,2
sakli,2
kaisha,2
arxokuna,2
cabvanci,2
curve,2
po'edji,2
bu'onai,2
kamfu'e,2
ninpe'i,2
prosa,2
seti'u,2
angeli,2
xadgu'a,2
gapru,2
meryru'u,2
jborupnu,2
crakla,2
bil.,2
flaselgu'e,2
gugdefuru,2
felo,2
cticinza,2
pesti'i,2
tcemelbi,2
nivycreka,2
PAkistan,2
.ausai,2
zgatirna,2
italias.,2
brama'a,2
nunmro,2
cmama'a,2
pamsi'u,2
nebysrijge,2
jifxu'a,2
gleve'u,2
.kobes.,2
glabi'a,2
.loris.,2
djaruntyrango,2
clugau,2
lutnilcla,2
.smit.,2
.tamis.,2
xrakarni,2
ferti,2
velmicyxu'i,2
tinzga,2
go'ira'o,2
mritcana,2
krosa'i,2
tolprali,2
juxre,2
rupne'uru,2
Aix-la-Chapelle,2
Aachen,2
.u'usai,2
.iju,2
nolzgi,2
dja'aza,2
kujmikce,2
bitygau,2
patspu,2
toljinga,2
ta'enai,2
sedjica,2
seltcu,2
ri'anai,2
ficysi'u,2
selcpe,2
nintadni,2
selzva,2
tsebi'o,2
tcenei,2
selvi'a,2
selpu'a,2
pasifik,2
braxamsi,2
lu'a,2
reda,2
nalvai,2
alis.,2
jgalu,2
tolfa'o,2
ba'ucu'i,2
vudypai,2
onai,2
secusku,2
senelci,2
ckufi'i,2
seltra,2
bedja'a,2
livbai,2
dinci'e,2
dukti,2
zbani,2
vajmau,2
zo'u:,2
ken.,2
stodi,2
kai,2
jon,2
fenso,2
crida,2
gligu'e,2
sferies,2
pai,2
cukla,2
su'ore,2
elfe,2
ijo,2
mordor,2
inaja,2
vulko,2
ropamoi,2
nonmau,2
lankyboi,2
sezypi'i,2
tolylazni,2
kikeron,2
tulius,2
pavo,2
robin,2
gotam,2
keis,2
selma'e,2
kamjunmre,2
batkyci'a,2
selctukansa,2
nunfanva,2
platon,2
mekso,2
djunguos,2
xiogos,2
.aipei,2
bastyn.,2
patxu,2
kib,2
slilu,2
pavysei,2
fendi,2
tolvri,2
bangrpolska,2
naljinsa,2
ausai,2
me'e,2
piso'uroi,2
pavyseljirna,2
dyjy,2
simta'a,2
ba'oi,2
ki'edo'u,2
runta,2
dijysenta,2
.iunai,2
kafke,2
jemna,2
kurfa,2
nunbebna,2
kulmu'o,2
giji,2
losu'u,2
lumku'a,2
popygau,2
sudga,2
cmala'u,2
labybi'o,2
brarai,2
.djak.,2
dormidju,2
mixre,2
.anas.,2
kamju,2
ctino,2
tolsi'a,2
.djim.,2
.nederland.,2
dikca,2
stabi'o,2
rolzda,2
selbau,2
fu'inai,2
dragau,2
.teresas.,2
jajgau,2
smimlu,2
selcasykai,2
gijanai,2
cinkansa,2
ka'etce,2
terpinka,2
pu'atce,2
misfi'i,2
kuspe,2
spranto,2
mamtu,2
sroku'a,2
nerkalri,2
.nik.,2
.nikol.,2
soltolfa'u,2
pesku'i,2
ficybi'o,2
ji'efri,2
jbesla,2
.isemu'ibo,2
so'uroi,2
vinjytcana,2
vitno,2
marias,2
nago,ias.,2
.iacai,2
nalstace,2
citnau,2
.natacas.,2
go'a,2
jaxpu'a,2
xa'e,2
catka,2
.i'epei,2
.i'ecai,2
stela,2
toljunri,2
kafyzai,2
dzukla,2
trina,2
jdikygau,2
.marias.,2
lubybi'o,2
pambi'o,2
pifygau,2
tedycte,2
tedvanci,2
lekyzma,2
klaje'i,2
nunkarcyjanli,2
xarnu,2
sa'irbi'o,2
pifli'a,2
pemfi'i,2
mi'arckasu,2
ciste,2
nunsrera,2
xa'emi'o,2
rontu'a,2
balkulctu,2
.a'ucai,2
piso'aroi,2
piso'iroi,2
tcatypatxu,2
siclu,2
barna,2
clazma,2
cmacmana,2
.iepei,2
.iseki'ubo,2
jmadegji,2
te'a,2
samymri,2
nuzykarni,2
xuru'e,2
tolyle'a,2
kingau,2
kinzga,2
tolclite,2
no'o,2
cpifaizani,2
brutus,2
tsunami,2
rikardos,2
takeutcis,2
noltrunau,2
mi'ecpe,2
jarbu,2
uu,2
ba'anai,2
y,2
respa,2
je'unai,2
cibjgatai,2
pa'e,2
ta'u,2
zmajbi,2
re'enai,2
galxe,2
ro'u,2
fu'e,2
fu'o,2
canlu,2
le'ocu'i,2
ri'e,2
to,2
toi,2
oise'i,2
sfani,2
fe'o,2
mu'o,2
pukfri,2
fe'eso'iroi,2
e'esai,2
numtca,2
u'unai,2
nasai,2
to'a,2
cilra,2
xersku,2
terai,2
bekpi,2
civla,2
persika,2
bunda,2
muvgau,2
markus,2
tervecnu,2
xalxalbo,2
selsna,2
selzaumi'o,2
ainai,2
zanmau,2
ganra,2
cidni,2
plixa,2
mipyzga,2
tende,2
togyga'u,2
ticyspu,2
mitcinse,2
tatyji'o,2
banzuxe'o,2
tolju'o,2
xagyga'i,2
nunbrari'a,2
parpika,2
cmamuclai,2
kumclu,2
du'inai,2
rinju,2
patyterpinka,2
cnitce,2
tamkai,2
kutkai,2
madystace,2
na.a,2
balnema,2
zi'e,2
jecra'a,2
ji'asai,2
tinka'e,2
mu'inai,2
e'anai,2
ze'eba,2
narge,2
julne,2
ricyratcu,2
ko’a,2
jenmi,2
sfaile,2
jeftyfanmo,2
gei,2
ki'asku,2
selspaji,2
prubi'o,2
nunpenmi,2
tasmi,2
ka'orta,2
vi'opei,2
kecti,2
nova'e,2
30,2
selgau,2
gice'o,2
tamca,2
kinda,2
frasybangu,2
noltruti'u,2
kanadas,2
europas,2
tsakura,2
loris,2
islenska,2
vulkano,2
xamgau,2
sivni,2
toljundi,2
pilda,2
sefabo,2
ce'oi,2
arduarko,2
morna,2
birjanco,2
boxna,2
jegi,2
Aoi,2
gaxygle,2
tolxagji,2
ponjypre,2
dikni,2
insekto,2
ni'inai,2
.u,2
nalviska,2
zau,2
gutci,2
la'asai,2
nauku,2
brulu'i,2
tolrinsa,2
sorgle,2
tavysi'u,2
jetsku,2
balnoltru,2
jmisre,2
.tato,ebas.,2
basna,2
bliku,2
uebvi'e,2
cinta,2
kumte,2
selglejibri,2
cfifi'a,2
xamsku,2
bambu,2
zukam,2
iunkoda,2
vu'o,2
fitytu'i,2
paunai,2
.ubu,2
proga,2
so'iva'e,2
sorprekarcytcana,2
toms.,2
sipta'u,2
Fred,2
Tsurix,2
spenybi'o,2
mivykansa,2
.bob.,2
senta,2
spageti,2
smaka,2
tolvifne,2
cidjrxaloxalo,2
ji'e,2
bantugulu,2
seldi'a,2
tabno,2
flecu,2
jirvi'odja,2
cidjrnatadekoko,2
selpinxrsarsaparilia,2
tcubi'a,2
budj,2
baxydinkarda,2
kardyckiku,2
misro,2
zukte'obi,2
mo'ipa'o,2
sligau,2
glajukpa,2
cidjrsikiukumba,2
sluni,2
bu'opre,2
uat,2
ianviri,ias,2
malfu'a,2
bablgam,2
samcrtapioka,2
tokyjukpa,2
marnyva'u,2
bolz,2
tcendol,2
gugdenuzu,2
mark,2
tsukini,2
lanpanzi,2
xruki,2
markuja,2
bisyslaci,2
guzmrxanidiu,2
nandytce,2
nunli'u,2
pugi,2
ladytcati,2
cirlrbri,2
cirlrmontereidjaki,2
(sei,2
cusku),2
2,2
urli,2
fu'ivla,2
.internet.,2
renonoxa,2
taflumca'a,2
roldzadijbartu,2
xirzda,2
rajyserti,2
puziba'o,2
dugri,2
pevysmacu,2
prityxanpre,2
zo'onai,2
gy.Tatoeba.gy.,2
ki'ecai,2
nonselsmu,2
pincyvi'i,2
ge'i,2
narviska'e,2
kagytrujalju,2
gy.Aoi.gy.,2
me'u,2
prulamtce,2
ze'o,2
cnegau,2
su'ai,2
.omni,2
volta,2
mrena'u,2
gradu,2
Lo,2
lu'u,2
la'anai,2
piso'u,2
cire,2
.erve,2
cipnrkorvo,2
mari'as,2
jaicpu,2
voi,2
kantu,2
najnimryjisra,2
esperanton,2
sasfoi,2
xrisomasa,2
fei'u,2
da'oi,2
toi'e,2
seni'i,2
samse'u,2
cilta,2
ki'ai,2
bu'a'a,2
ze'oi,2
.makintoc.,2
dei'a,2
ctipla,2
kliki,2
ju'oinai,2
fizbu,2
ue'ipei,2
gugde'itu,2
mi'oi,2
nau'u,2
nukni,2
ju'oipei,2
genxu,2
kai'a,2
lu'e,2
ki'uma,2
peije'u,2
ternupcpe,2
rirmamta,2
gy.Auckland.gy.,2
madonas,2
meta,2
entuzi,2
samyzilkeikei,2
tankomo,2
nalzi'e,2
.fy.,2
ci'e,2
slaka,2
ba'orzu'e,2
.kimis.,2
gunli'a,2
lau'u,2
fonjo'e,2
ku'ai,2
ditybra,2
ŭa,2
kaijbi,2
kaikla,2
kaipti,2
ĭa,2
su'oi,2
dizlo,2
faxycpe,2
bavjbi,2
.e'ande,2
tinzu'e,2
bancumunu,2
marvele,2
salta,2
la'u,2
zmiku,2
solnuntolcanci,2
Do,2
.braiyn.,1
larxra,1
xelvetiko,1
cifyge'u,1
puze'i,1
klece'u,1
selslasi,1
selmarji,1
tolcfari,1
la.iumin.,1
la.keit.,1
la.braiyn.,1
runkre,1
tamsmi,1
selsance,1
terjbera,1
sluji,1
tsamau,1
seltigni,1
arix,1
kinzda,1
nilxadgla,1
vacycti,1
sigypli,1
sepa'a,1
cicyractu,1
sa'apre,1
ri'agi,1
jimga'i,1
jimga'ipre,1
refcpa,1
kamselsi'a,1
cagi,1
nelmau,1
tolcpa,1
selfriti,1
volkla,1
gijo,1
seldri,1
temni'i,1
terzukcau,1
dicyxa'a,1
david,1
selmle,1
maixra,1
zgiselfi'i,1
sepu'a,1
to'eki'unaigi,1
pamxu'a,1
spensyr,1
rincki,1
nunlerci,1
dusyzu'e,1
bargau,1
.seltarb.,1
London,1
snudji,1
nunbi'o,1
nunmu'u,1
bifsarlu,1
mi'irlarcu,1
cfape'i,1
jecysei,1
bacycu'e,1
se'itru,1
refkei,1
uorkraft,1
zgacre,1
zditcica,1
tolnu'a,1
pukyje'u,1
co'agi,1
vi'edji,1
so'oroi,1
nolrai,1
nolylanzu,1
vidycpa,1
jemja'a,1
velcerda,1
cabynicte,1
ogauas,1
sepide,1
gugdezu'a,1
sedycro,1
aspirin,1
kamzi'e,1
kamdu'i,1
laldanfu,1
torbi'o,1
nalsarcu,1
.Parker.,1
sofybakni,1
plajva,1
la.kentaron.,1
kanydzu,1
selklaku,1
repa,1
runtyrango,1
volratcu,1
la.djim.,1
tceta'i,1
pinocchio,1
jufmupli,1
réfrigérateur,1
mo'ine'i,1
li'orbi'o,1
xadjunta,1
selne'i,1
ka'aspo,1
furbi'o,1
selma'i,1
nalvi'a,1
seltcini,1
smudji,1
torsku,1
fe'eco'i,1
la.interlinguas.,1
lectcika,1
la.satorun.,1
xladimna,1
campa'a,1
xeroin,1
xregau,1
sobysanso,1
bark,1
xrata'o,1
lerlisri,1
balfi'i,1
la.pitr.,1
la.minx,n.,1
la.umemuran.,1
terjmi,1
nalcre,1
selgu'e,1
jaigau,1
gugde'esu,1
sepo'i,1
dzena,1
snomau,1
so'inai,1
nixon,1
la.madrid.,1
la.maik.,1
dadne'ota'u,1
.kiouton.,1
la.djak.,1
la.dik.,1
fi'ure,1
la.mam.,1
nundjarunta,1
tcikycartu,1
mijycte,1
mroru'i,1
kasydzu,1
kamcnici,1
fagbetri,1
manri,1
fetfamti,1
dibycai,1
to'utce,1
klati'i,1
osakan,1
pasozeze,1
nakpa'i,1
la.rosiios.,1
velsla,1
velsladei,1
terbi'e,1
selbancu,1
selcri,1
o'u,1
kreka'agau,1
kreka'astu,1
zipu,1
varkiclaflo'i,1
angila,1
bapmau,1
batkydicysro,1
kanfonxa,1
lecysipna,1
lirsipna,1
bevma'e,1
la.kubas.,1
gugdecu'u,1
glaxai,1
prexa'u,1
bisybo'o,1
vi'a,1
mimis,1
susan,1
taros,1
la.pablos.,1
la.mariias.,1
zacterve'u,1
selja'i,1
iinai,1
mijdorsai,1
la.bastn.,1
kompli,1
.pit.,1
pasozere,1
selpinxe,1
mintysi'u,1
bebzu'e,1
selxru,1
tolsnada,1
ju'itra,1
terkla,1
kimbab.,1
vai,1
mypyci,1
ko'i,1
bukmra,1
friko,1
gugdegulu,1
aiban,1
.liiin.,1
sosyzda,1
cagyselxa'u,1
.akiran.,1
samcfi,1
xarbin,1
moltenva'u,1
co'urtavla,1
selmacygu'e,1
ma'ersrostu,1
jinci,1
minydju,1
menja'o,1
pesyja'o,1
cniri'a,1
xairi'a,1
sorbaucre,1
nimse'u,1
jiclygau,1
la.braun.,1
lolnitre'e,1
.kimuras.,1
zdadei,1
gairjaudu'e,1
selcu'u,1
pitka,1
piso'a,1
mucibi,1
la.toci,on.,1
mebli,1
nakcifnu,1
fetcifnu,1
binsaicti,1
Pharamp,1
vartitspi,1
.ua.uicai,1
.e'icu'i,1
xispo,1
la.djein.,1
capti'i,1
mafxli,1
mafyvla,1
.aleks.,1
la.aleks.,1
nalska,1
datnyci'e,1
sapselga'e,1
grisazri,1
Klabaster,1
Gizmo,1
skacau,1
nunsnu,1
xlaski,1
mindju,1
flovro,1
pruda'o,1
kadbu'e,1
la.klabastr.,1
la.gizmos.,1
la.djudis.,1
.jonasan.suift.,1
la.xauaiis.,1
ziba,1
selctu,1
sorgu'etru,1
patpei,1
.liz.,1
la.liz.,1
kluce'u,1
krori'a,1
la.sasa,iaman.,1
tisna,1
tisygau,1
la.bacos.,1
pemci'a,1
likydekpu,1
londyn,1
skutcica,1
nunmicku'i,1
nunga'arboijvi,1
nuntipyboijvi,1
nunma'ebre,1
ubu,1
papapa,1
mijypau,1
suzyn.grin.,1
sam,1
rafsi,1
namcu,1
ga'ure'o,1
kapcikna,1
xrule'i,1
banku'anu,1
.sisil.,1
liz,1
sorzu'e,1
xlabi'o,1
relxilma,1
banxe'ebu,1
bantu'uru,1
simdu'i,1
nilselsi'a,1
sezmarde,1
jeseki'ubo,1
simyzu'e,1
la.siskos.,1
selmipri,1
.a'inai,1
fi'inai.i'a.,1
margu,1
ci'arselpapri,1
pitnanba,1
la.muiriel.,1
mi'e.djak.,1
gugdesugu,1
planybi'o,1
rajyclazma,1
la.cikagos.,1
.influ,enzas.,1
cisti,1
dzuli'u,1
brilugi,1
sliti,1
tovzi,1
zarna,1
blixa,1
mimsi,1
brogovzi,1
zdaraxa,1
stura,1
ciplanli,1
xanla,1
cutka,1
boljinterjvi,1
la.paRIZ.,1
bargu'e,1
la.aksfrd.,1
zo.tatoebas.,1
zengau,1
nalje'u,1
gombesa,1
omid,1
menci,1
brogu'e,1
la.iesus.,1
bangrgogurio,1
mrodimna,1
jau,1
fei,1
incipe,1
nu'onai,1
.bi'u,1
ninpre,1
.va'i,1
juliet.,1
romeon,1
tatoebas,1
.paulas.,1
la.tato'ebas.,1
.toiotas.,1
xantamji,1
velkla,1
xelkla,1
bangrnederzasice,1
nalpo'i,1
cpiso'a,1
cpizda,1
cnijicla,1
barjyse'u,1
tedydei,1
renono,1
cpapli,1
zo'i,1
sfedukti,1
sutmri,1
xerterpinka,1
nalmadytra,1
refkla,1
bakfu,1
balji,1
gunja'a,1
brilu,1
balre,1
la.nakanon.,1
nynycy,1
tedydesku,1
.oicai,1
vilxasybo'a,1
muspre,1
zgikrxumpa,1
la.okinauan.,1
slanydi'u,1
kulpau,1
libek.,1
.inajanai,1
la.sauakon.,1
samse'a,1
la.linuks.,1
fukucimas.,1
seldi'e,1
jugypre,1
xunselska,1
lisxracku,1
velskina,1
bavlamcte,1
fanvypre,1
la.mark.,1
nurta'e,1
baurnudusu,1
la.iodas.,1
bajli'a,1
selcmene,1
akiko,1
.ny.,1
selzerle'a,1
rolo,1
la.akikos.,1
la.iokon.,1
dracydi'u,1
mivyxadni,1
nilgla,1
nuncenba,1
keskla,1
nalpli,1
nalseltcu,1
xagze'a,1
jungu'e,1
tuks.,1
dzipo,1
puziki,1
xribirje,1
janlik.,1
ceikspir.,1
bevrlis.,1
.u'enaicai,1
la.uan.,1
.amsterdam.,1
ru'urjupuje,1
banlu'atu,1
la.sidnis.,1
la.ted.,1
la.yLIzabet.,1
mlicre,1
koknoc.,1
xelsinfors.,1
selvla,1
会社,1
.lojbangug.,1
.esperantu,ion.,1
paulus.,1
.o'onaipei,1
kliz.,1
pIqaD,1
.kliz,1
kaurselju'o,1
sa'acre,1
kixmi'a,1
selje'ikla,1
cipnrkanario,1
tsurugidakes.,1
aron,1
elizabet,1
jukni,1
darvistci,1
.e'upei,1
la.kumin.,1
nami,es.amuros.,1
la.djimis.,1
kioton.,1
la.miklel,n.,1
.o'onairu'e,1
la.geter.ianis.,1
.lin.,1
seldau,1
xalkrvotka,1
.ankas.,1
bukurectis.,1
cidjrsatsuma,1
muiriel.,1
meg.,1
raxipa,1
raxire,1
KEniksyberk.,1
xartknox.,1
rigas.,1
finprtruto,1
karl.,1
FAlyntin.,1
со'у,1
жбопре,1
пилно,1
руско,1
селъле'у,1
ну,1
шиска,1
бе,1
бау,1
ла,1
ложбан.,1
selyle'u,1
lat.,1
.lat,1
selcusku,1
.о'и,1
му,1
хагжи,1
софъбакни,1
звати,1
ле,1
пурди,1
djim.,1
toMAS.,1
nilclani,1
ratnyjbama,1
xirocimas.,1
kibypapri,1
nilcno,1
sauron.,1
xobit.,1
biblias.,1
tu'e,1
tu'u,1
daplrsitcilia,1
bebmau,1
timyndorfyr.,1
ctrant.,1
naokos.,1
iku'i,1
.filip.,1
bangocu'i,1
peris.,1
rodan.,1
veisri,1
.uiru'e,1
filseljmi,1
luk.,1
Teresa,1
.py.,1
.uiski,1
smit.,1
zergau,1
.xalbo.,1
blotrskunri,1
pelnimre,1
.prim.,1
.palvr.,1
.an,iis.,1
.asun.,1
.kraislr.,1
me’u,1
e’osai,1
.frank.,1
.bab.,1
.noras.,1
tanru,1
cntrational,1
cidjrbiskit,1
.ian.,1
kulnrxanguke,1
.sen.,1
ra'unai,1
be'a,1
ve'a,1
ramus.,1
jbopli,1
gugde'aru,1
giliermys.,1
tcepru,1
banxu'alu,1
puzico'a,1
.uils,n.,1
denis.,1
nalseljukpa,1
remuciso,1
mulna'usle,1
to'ebo,1
no'ebo,1
frank.,1
desygau,1
.alex.,1
tsapi,1
gaxykafke,1
ruxse'i,1
sampli,1
pasovocinan.,1
djeimyz.,1
braun.,1
bankeje'a,1
tolkin.,1
venetsias.,1
sore,1
bici,1
SpaceChem,1
tcetce,1
la.anas.,1
.ijenai,1
baku,1
siangan,1
.beijin.,1
fy.,1
zgigri,1
latcribe,1
miptera,1
su'oso'u,1
pisu'o,1
glibaucreze'atce,1
.acil.,1
pasonobinan.,1
jgitrgitara,1
xirocis.,1
.oka,iamas.,1
.olys.,1
papibici,1
.maik.,1
.NA,okon.,1
ciki'o,1
zgitigni,1
.nansin.,1
.DJUpitr.,1
leva,1
baca'o,1
gemu'i,1
tolcicygau,1
.emilin.,1
.Emilin.,1
mela,1
.android.,1
mo'icli,1
co’a,1
cintaros,1
ruxyjda,1
da'o,1
bangrnederlanda,1
sa,uakos,1
runmenli,1
micysaske,1
mroxadni,1
fudjis.,1
eliazas,1
2012,1
lulus,1
alo,es,1
veras,1
polentas,1
lauras,1
santeri,as,1
kubas,1
vudus,1
dominikas,1
jenaiku'i,1
skarab,1
spitaki,1
nargile,1
bangrxinuktituti,1
prenrxeskimo,1
tolzi'o,1
sa'enai,1
mluni,1
zdanrxiurta,1
papilio,1
tomas.,1
pafpa'u,1
cutyti'e,1
jan.,1
tolcurmi,1
capfu'a,1
ma'ubu,1
sralo,1
bemro,1
bangrkri,1
terkai,1
.uecu'i,1
tolcmu,1
sucysmadi,1
tolmi'u,1
rufsu,1
cmalinsi,1
cnifusra,1
za'ojmidanlu,1
smaci,1
Muiriel,1
remlabno,1
.djim,1
robinson.,1
.uicu'i,1
timvanbi,1
dusbarda,1
pedrai,1
kolmba,1
.teodoros.,1
Milan,1
Komatsu,1
sruta'u,1
lecydu'e,1
zamenxof,1
1917,1
04,1
ta'axlu,1
tanko,1
xairgau,1
.e'ocai,1
jdazei,1
.iisai,1
datygu'e,1
nadrai,1
mu'ezda,1
rairnei,1
ka'irtrusi'o,1
.abo,1
xumrkonkreto,1
kelkarda,1
gerzda,1
.ioro'a,1
grupu'o,1
merli,1
skusfa,1
teryrei,1
xaldicra,1
sadvei,1
.inglic.,1
nagoi,ias,1
selcilre,1
noisku,1
tersa'a,1
djacyzme,1
intersitis,1
ekspres,1
xavais.,1
nejni,1
tolcitno,1
budas.,1
pavbudjo,1
seri'i,1
simpe'i,1
palbi'o,1
gi'ebazibo,1
mrori'i,1
terd.,1
.ivan.,1
jufpau,1
skusno,1
plicuxna,1
sni.,1
あ→а,1
.sni,1
selrirni,1
.tanakas.,1
.xondas.,1
dasygau,1
paRIS.,1
fairpaltrusi'o,1
selzunbi'o,1
puco'u,1
jeke,1
selmansa,1
di'arcau,1
.djunguos.,1
patfa,1
dzupoi,1
snucanci,1
ji'ire,1
litcreka,1
larfi'i,1
cu'uclu,1
dinra'e,1
lusis.,1
selvoi,1
cinlysko,1
nivji,1
bixpa'i,1
lindas.,1
gubyseltru,1
cipnrxigli,1
misrygu'e,1
bantadni,1
mam.,1
kurki,1
tu'unre'e,1
ckilu,1
tigzgi,1
.rosas.,1
kadri,1
.anolulus.,1
zarcpa,1
.ceikspir.,1
.columbos.,1
zatfa'i,1
bemjoitcotu'a,1
.iamada.,1
merfei,1
selto'i,1
.kolumbos.,1
.keikos.,1
.deivis.,1
braro'i,1
go'inai,1
plicme,1
danlo,1
tsiju,1
nerklaji,1
tcelaldo,1
tcebilma,1
selnunji'e,1
tcevajni,1
nuntumcrepu,1
trici,1
tolcelci'i,1
jamji'a,1
stagycti,1
selponse,1
.braun.,1
.audaipei,1
pe'udo'u,1
zmadu'a,1
kelvo,1
du'eda,1
vaxybi'a,1
je'epei,1
je'enai,1
pinxa,1
je'erse'a,1
livycru,1
nunde'a,1
selpe'o,1
zargu,1
starkraft,1
.markos.,1
terdyske,1
bruni,1
sukta,1
tu'urki,1
limne,1
rauroi,1
.doitc.,1
.uigur.,1
sakcpu,1
.Eyjafjallajökull.,1
sadyka'e,1
terdju,1
.bel.,1
peperonis,1
gasmlu,1
nalvajni,1
bajykla,1
selmanci,1
headset,1
vizbei,1
facebook,1
account,1
zukti'i,1
mlemau,1
judis,1
boltipterjvi,1
nalzasti,1
nalkunti,1
kotygu'e,1
rupsra,1
caba'o,1
tolcmalu,1
ci'arfi'i,1
pa'irmu'i,1
tolmo'ika'e,1
nalfengu,1
nalki'asku,1
GPS,1
Саша,1
.sacas.,1
cnebo,1
pimlu,1
za'uda,1
tolracli,1
vudvri,1
me'au,1
ba'onai,1
kamfe'u,1
sezytro,1
datsi'u,1
nilxau,1
caze'aca,1
babo,1
puzico'aku,1
nunka'e,1
nozo'e,1
su'oda,1
tolmansa,1
seljibyfa'o,1
bavla'ima'i,1
kiiv.,1
jecta,1
ukra'inas.,1
tolfesru'e,1
mlimelbi,1
nilnalci'o,1
nu'ospe,1
xagycerni,1
tcelenku,1
.ken,1
saitus.,1
cazyfusra,1
tabybi'o,1
djaspi,1
.paf.,1
balku'a,1
.eapei,1
bralaizba,1
jibypante,1
nimrnsinensi,1
kris.,1
du'iru'e,1
potygu'e,1
nafmupli,1
so'ida,1
seldjudji,1
nanbrxuafla,1
.itezu'ebo,1
za'ubi,1
sezvenfu,1
malba,1
naljundi,1
kalyle'otci,1
roroiku,1
vlasisku,1
gije,1
sipku'a,1
pitr.,1
nalseldji,1
posyze'a,1
dik,1
lusis,1
setroci,1
jein,1
paulos,1
re'azda,1
tenis,1
nalkakne,1
tefengu,1
ramudus,1
enchiladas,1
tergu'i,1
gusydi'e,1
zanselfunri'a,1
jditce,1
dicnunskezu'e,1
plimyt.,1
.katis.,1
di'atce,1
kacka'e,1
za'uno,1
xa'urbi'o,1
lityta'u,1
lazyzda,1
vaska'e,1
burna,1
tcegei,1
nunzi'e,1
selgi'a,1
sarkozis.,1
daurbandu,1
ra'irka'e,1
nunba'o,1
ci'ersi'o,1
rejyjveprigau,1
tolkanpe,1
PTA,1
pasozeno,1
toskanas.,1
xèlgolant.,1
kobes.,1
bel.,1
.irak.,1
.iran.,1
kristinas.,1
silka,1
bumru,1
zo.,1
boston.,1
bratca,1
frank,1
spabi'u,1
jinru,1
panje,1
cokcu,1
termakfa,1
nolraitruni'u,1
nolraitrunau,1
.sferies.,1
me'iro,1
jonsi'u,1
lundyn.,1
nilsau,1
gusycai,1
gaje,1
toryrai,1
tigbe'e,1
dilcu,1
ravysirji,1
spedji,1
tepri'apre,1
xamtidamtis,1
argail,1
plipybanfi,1
jacre'o,1
nonzau,1
ija,1
al,1
betis,1
Russell,1
Principia,1
Mathematica,1
JFK,1
CIA,1
djerymis,1
tolcitrai,1
koris,1
nadmau,1
jagi,1
sfero,1
xerbert,1
karlas,1
cfatadni,1
IBM,1
xiptenuse,1
kurjga,1
cibyselmla,1
simsumji,1
kycy,1
djordj,1
pat,1
tercli,1
Danny,1
DeVito,1
Bruce,1
Willis,1
nagi'a,1
na'arde'a,1
mobyterle'i,1
dusygu'a,1
tolzdisi'u,1
rore,1
daniel,1
iakob,1
rebekas,1
kain,1
karl,1
bi'i,1
ritcmond,1
batman,1
balpre,1
pacpre,1
su'epa,1
aristoteles,1
dekart,1
mencremau,1
jacygaigau,1
jacysabji,1
boltipyboi,1
tomis,1
telga'o,1
xandegji,1
tcexagji,1
selgei,1
berber.,1
melselsa'a,1
nadydu'e,1
jgina,1
jibmatygau,1
dzitumbau,1
mujyfa'o,1
te'irselstati,1
kibjo'e,1
tcesno,1
tolfekybi'o,1
kenedys,1
pakistan,1
sumatras,1
junra,1
kazan,1
minsk,1
vipsi,1
izmir,1
akasakas,1
kakogauas.,1
kobes,1
dapma,1
baskervil,1
devoncir,1
pazevore,1
temvai,1
terkagni,1
tolpli,1
prulamkemyzeldei,1
jdenoi,1
mortimer,1
clita,1
mitsmu,1
sorbau,1
tatoeba.org,1
selsaubi'o,1
tcemalcne,1
redo,1
nalseljmi,1
namsnada,1
co'arsau,1
gugdrpolska,1
xe'otce,1
djudji,1
selsnada,1
funpe'i,1
saurpe'o,1
toki,os.,1
ponsi,1
djak.,1
selrircpa,1
glipre,1
tcikaizu'e,1
velve'u,1
menytcini,1
cordri,1
frigau,1
mujyku'e,1
skutadji,1
nalcni,1
selpraci'e,1
refyba'o,1
byrsylon.,1
.aucu'i,1
selxau,1
.oiro'o,1
evans.,1
dyny.abu,1
zgicu'a,1
selgungunma,1
naun.xaras.,1
selda'i,1
ratyjbama,1
bansupu'a,1
cinjukus.,1
bavycu'i,1
xandegda'i,1
lidysna,1
.alisi,ys,1
tcega'e,1
.ingland.,1
taj,ma'al.,1
selstu,1
.indias.,1
jogi,1
jvami'e,1
firtai,1
cnidju,1
sapcki,1
veltivyvidni,1
depyjdari,1
tertigni,1
cabytcika,1
cimce'oranbi'o,1
termu'eske,1
cumterve'u,1
terzba,1
xamoi,1
.okinauas.,1
cibjmagutci,1
jmagutci,1
pecybi'o,1
jikfanza,1
.tokpisin.,1
cikta,1
kargyrai,1
karcysnuti,1
ciksa,1
.oisai,1
Steve,1
zmazau,1
marxa,1
selvau,1
tergu'e,1
mruli,1
u'ecai,1
glepe'o,1
raltefe,1
gunstu,1
ze'uvu,1
tolci'orai,1
nago'i,1
.soFOKL.,1
.volTER.,1
.senekas.,1
tance,1
pinji,1
zifcru,1
lindas,1
.kurosa,uan.,1
tepkai,1
nutpe'i,1
zdaxru,1
pumo'u,1
fegbi'o,1
sagbe'e,1
ma'urbi'o,1
zgaku'i,1
dadytci,1
mrogau,1
klupe,1
kluza,1
tavda'a,1
xantolrinsa,1
plesi'i,1
bratce,1
kargyme'a,1
fa'acri,1
tolgaigau,1
mlilai,1
nitre'e,1
mletce,1
ba'urtadji,1
cfugau,1
pruspe,1
riryrirni,1
seldanti,1
xautce,1
.karin.,1
kikyvla,1
cmalai,1
torlu'a,1
cirsau,1
skacengau,1
ju'itri,1
simpengau,1
barkulselgu'a,1
vacni,1
larpre,1
micycau,1
nebysri,1
jmibi'o,1
jinsru,1
manbi'o,1
dibda'u,1
gapmu'u,1
linto,1
cavysezlu'i,1
livgau,1
dasybi'o,1
.karlas.,1
lauzma,1
soldei,1
.alfas.,1
.betas.,1
.gamas.,1
lityjikca,1
tolni'o,1
.bilal.,1
clamau,1
.karam.,1
da'ertolse'a,1
banjubu'o,1
blutu'u,1
karbixygau,1
cei,1
crezenzu'e,1
vartisyboi,1
norzau,1
.taros.akaga,uas.,1
zukAm.,1
.italias.,1
puzavi,1
rapyvi'a,1
terji'a,1
vedu'o,1
zeipre,1
.kailil.minog.,1
ju'e,1
tadzu'e,1
vacnuncti,1
parkla,1
selna'a,1
.doitcland.,1
gafygau,1
sarxe,1
citrai,1
fetpe'o,1
braun,1
.angeli,1
matsimta'u,1
surdzu,1
[pu,1
ku],1
.lorir.,1
rejgri,1
gugdedu'e,1
Deutschland,1
.alis,1
preja,1
te'e,1
sangu'e,1
titynanba,1
za'apei,1
zukclu,1
mackai,1
rairkai,1
tercnikai,1
bancli,1
selfi'i,1
selja'o,1
.oinaicai,1
sezri'u,1
ji'isku,1
djusi'u,1
zasydu'a,1
spamatne,1
ladmatne,1
rapselpi'o,1
.tokiponas.,1
lecyvanci,1
selci'i,1
demtse,1
molmla,1
jbosku,1
.marir.,1
xlaraistu,1
terxai,1
pofyjiftai,1
jiftai,1
placti,1
gugdesucutu,1
selsenkai,1
refcfa,1
refcfagau,1
temymapti,1
nomu'ei,1
mic.,1
zbepi,1
sralytu'a,1
sralygu'a,1
co'unai,1
cinjikca,1
katnymruli,1
fikro'a,1
daftolcri,1
.atkuila,1
jibmi'e,1
.lindas.,1
jdaja'a,1
brityrupnu,1
merkyrupnu,1
jbira'e,1
ninxesybau,1
mypy,1
nyty,1
gyky,1
tyzy,1
pyd,1
oire'e,1
iocai,1
.islAmabad.,1
.pAkistan.,1
narcertu,1
seva'o,1
xecu'u,1
sinti'e,1
nunjarco,1
.pol,1
banian.,1
.zen.,1
velcradi,1
.lauras.,1
.nail.,1
ckaku'a,1
.farsis.,1
.nu,IOrk.,1
nalceikri,1
firsku,1
e'osai,1
xa'urjudri,1
.nikodimys.,1
.ritcardniksyn.,1
.frans.,1
ca'erbi'e,1
.sy'ubuvys.,1
mlejgi,1
mu'onai,1
.cindji.,1
selku'e,1
.u'ucai,1
zerfuzyxu'a,1
djicni,1
.kolumbias.,1
sa,uakos.,1
cidjrbiskiti,1
mivmu'i,1
temsas.,1
tezu'eku,1
su'ore'u,1
ba'acu'idai,1
xokaidos.,1
bab.,1
pamumoi,1
ctona'a,1
bab,1
pipkla,1
mamymamta,1
skefi'a,1
.djaberuakis.,1
kriceto,1
Teddy,1
Bear,1
.ly.,1
sloska,1
fakli'u,1
bogygreku,1
ruxyzau,1
zerxe'u,1
Democratic,1
Party,1
.deiksas.,1
cavi,1
.xeis.,1
mak,1
selkai,1
clabajykla,1
vaxydicra,1
gitsko,1
bangrxangu,1
.a'usai,1
jasysnu,1
nunpanpi,1
zgizu'e,1
cibdei,1
vondei,1
famtynakni,1
bapleji,1
foroda,1
nikolas,1
tcecma,1
tanzva,1
keikos.,1
mimis.,1
nederland.,1
te,odoros.,1
paf.,1
xelveto,1
gugdrsuomi,1
nansis.,1
vinsent.,1
prais.,1
salcrxalo,uini,1
prenrxelfe,1
gugdrmordoro,1
flapro,1
.ai.e'e,1
nadycai,1
terlisri,1
nunlitru,1
.flOridas.,1
.iokos.,1
.stiv.,1
.xelga.,1
sfe'ero,1
.karmen.,1
xanjairinsa,1
pukclite,1
pinokios.,1
niu,iork.,1
kadnygu'e,1
giliexmic.,1
zganas.,1
selpinxrxuiski,1
celxa'igau,1
jaspo,1
cmicu'a,1
.adEl.,1
makpu,1
relcibselratni,1
jaugacbloti,1
lu'o,1
.uanaicai,1
.xulk.,1
nelzma,1
vanjyjikru,1
roko'a,1
nakspe,1
narselrirni,1
nalra'u,1
toldu'e,1
laryrakpra,1
zdilisri,1
crejibri,1
nunprami,1
tolkansa,1
nabzai,1
.i'enai,1
ctuci'e,1
mrotolkakpa,1
tolse'itro,1
nunvacysai,1
jbubu'u,1
nincu'upre,1
.iecai,1
pejgau,1
cfaga'e,1
zdifri,1
bo'atoknu,1
ckafrspreso,1
mi'izba,1
befsri,1
mi'erselcatra,1
flapaizda,1
.djaks.,1
.ianaicai,1
bolgu'odi'u,1
vitci,1
.a'onaicai,1
mribriju,1
.uu.oipei,1
toljitro,1
cirvai,1
raijibni,1
.ije'u,1
tolmakcu,1
la'orxi'o,1
tolcanci,1
cnicro,1
sacysku,1
nonydjuno,1
.a'unaicai,1
solvre,1
naja,1
.oidai,1
toltatpi,1
ju'erboiterjvi,1
lankyboiterjvi,1
ga'arboiterjvi,1
ke'arboiterjvi,1
nuncizra,1
nunselpluka,1
nunselnandu,1
.romios.,1
.djulIEt.,1
vamtu,1
.eipei,1
tolkanro,1
tolvu'e,1
cintolvu'e,1
narzutse,1
cteki,1
tolxajmi,1
di'irvau,1
zanbebna,1
.ui.uenai,1
mu'opei,1
.isemu'inai,1
nundugri,1
ci'imei,1
.imu'i,1
dinjbera,1
.uucai,1
.a'ocai,1
.u'inai,1
staji,1
tolci'ozma,1
.dalat.,1
peidzu,1
ba'anaipei,1
.ainaisai,1
klaselpo'e,1
cinydjica,1
tcemencre,1
ci'irgau,1
ziba'o,1
nunda'a,1
terzi'e,1
pa'enai,1
pamli'u,1
tolsnura,1
tunka,1
pukyzma,1
.mikelAnjelos.,1
mo'ini'a,1
Lollipop,1
cakyrespa,1
je'ugo'i,1
lajdictergu'i,1
ba'urdu'u,1
penbi'o,1
.ipad.,1
.ipadminis.,1
tcecizra,1
ze'ecaru'i,1
.uinaidai,1
merbau,1
.e'unaire'e,1
rakau,1
fe'u,1
kafyzarci,1
feprykenra,1
rinkyra'a,1
jebo,1
.uo.oinai,1
tolsti,1
.alfred.,1
.alps.,1
mebri,1
sedycaugau,1
.ierevAn.,1
.arminiys.,1
cabyfau,1
.oicairo'aro'ero'iro'oro'ure'e,1
.pitr.,1
cavdirgo,1
datnysisku,1
da'arsi'u,1
cmarai,1
nunspesti,1
lardai,1
ju'ocai,1
planyjdika,1
.lusifEravampirElas.,1
.lusis.,1
piso'eroi,1
piso'oroi,1
roroinai,1
najeku'i,1
.meg.,1
pofybi'o,1
fagystigau,1
muxa,1
stagau,1
lumbu'u,1
nalgusminra,1
lidvilti'a,1
tilcfu,1
cnexa'u,1
sutyzma,1
.naun.nakano.,1
.sam.,1
.london.,1
.oidaipei,1
drijdikygau,1
li'anaidai,1
sapyga'e,1
fangyvinji,1
.kris.,1
.dIsniland.,1
zipu'o,1
lu'omi'a,1
go'o,1
.iasai,1
.mark.,1
lidfru,1
bracrida,1
ctemidju,1
.o'unai.ui,1
zicai,1
dracybende,1
sefkarce,1
.keisukes.,1
.uecai,1
"pamei,1
farna",1
".i,1
.yyy.,1
remei",1
toldjica,1
.romas.,1
bazigi,1
spesi'u,1
nalble,1
googol,1
norvifne,1
.budas.,1
munoki'o,1
ru'inai,1
keltci,1
naknakcinse,1
fetfetcinse,1
mrobixsla,1
bakryta'o,1
tenfa,1
cibjgacmaci,1
.milAn.,1
aksiptrina,1
katcpi,1
tolsre,1
cinju'i,1
pasozexanan.,1
.iokoxamas.,1
blokla,1
muvycau,1
jgidu'esku,1
.i'unai,1
pedysi'u,1
nu'epei,1
a'a,1
du'emei,1
xokaumei,1
selsta,1
selzgi,1
dzilimna,1
2008,1
2011,1
farlygau,1
bajeri'a,1
Tua,1
madre,1
sa?,1
do'adai,1
selxai,1
selbei,1
nononono,1
tolpo'ugau,1
vobi,1
bifcau,1
.aupo'o,1
sprantybau,1
tolcertu,1
ba'unai,1
mi'enai,1
.a'icu'i,1
tolcladu,1
ca'oku,1
apolon,1
delfis,1
rosias,1
.a'ucu'i,1
tcaudjo'us,1
tolnurcni,1
brioc,1
janai,1
jifsku,1
noigri,1
selfla,1
rover,1
ganxo,1
boxfo,1
bazu,1
pipybanfi,1
tal.,1
Astn,1
ubuty.,1
jecrsautkarolaina,1
ba'acu'i,1
.inaja,1
nomoi,1
25,1
tamji,1
ki,1
su'anai,1
samselmri,1
vidru,1
titan,1
Taral,1
derxi,1
tcomolunmas.,1
.bancus.,1
falnu,1
Ganyn,1
Link,1
cibmakfa,1
vukrygu'e,1
cein,1
samjundi,1
postskript,1
zasni,1
li'anai,1
rlpowell,1
cmevla,1
robin.,1
belo,1
dikt,1
to'unai,1
pelmeni,1
sanso,1
fo'a,1
.djein.,1
pairnu'i,1
re'e,1
.gandam.,1
skatygug,1
.u'ibe'u,1
be'ucu'i,1
.clsn.,1
.emaks.,1
fu'i,1
Eimis,1
ju'onai,1
xasyjukni,1
selplicru,1
se'i,1
vu'e,1
banrglico,1
jboskepre,1
puzu,1
camgusmis,1
lobjan,1
VNC,1
ssh,1
frasygugde,1
.yy,1
seltadni,1
mucyjoifro,1
paltylumca'a,1
.einaidai,1
djucpe,1
nabo,1
ortodoksi,1
pesax,1
caze'ipu,1
simda'a,1
.xisacis.,1
.iciros.tanakas,1
da.i,1
xarpei,1
.xacimotos.,1
.anRIS.,1
.axmed.,1
.lu'IS.,1
.mari'as.saras.,1
dadycatra,1
zdicaudri,1
u'idai,1
zdacau,1
vismlu,1
sorpreka,1
selneimau,1
.uindoz.zel.,1
ducanas,1
pino'o,1
fado,1
Dušana,1
tugysi'u,1
nix.xanson,1
cev.,1
seldei,1
selvensni,1
fama,1
kancu,1
nan.oza,uas.,1
selzba,1
la'izda,1
velcki,1
mrospe,1
satre,1
kapsiku,1
.terd.,1
djunko,1
precise,1
ca'acu'i,1
Italias,1
cevna,1
2000,1
romi,1
.lex.,1
nuncitka,1
sizmro,1
seldzu,1
najanai,1
kelis,1
rezeno,1
djein,1
rismrsuci,1
tecu'u,1
brauzero,1
selcmi,1
je'unaipei,1
toldrani,1
jimte,1
Handschuhe,1
favygau,1
ge'esai,1
seljalge,1
beri'a,1
kityblibi'u,1
.bil,1
nalruble,1
trobi'o,1
xrisrbiblia,1
brai,n.,1
nu,IORK.,1
xumjimcelxa'i,1
sampla,1
curnu,1
.alminiu,1
sampre,1
nuntumdesku,1
tolcumla,1
mujyjamna,1
tolcfa,1
puca,1
joinai,1
nerzva,1
ckatci,1
nunci'o,1
balzai,1
xelctu,1
terjukpa,1
zgipre,1
limtadji,1
banfuru'a,1
sesau,1
nunynotsku,1
sitsni,1
ja'anai,1
zackla,1
ca'irdicra,1
xagycai,1
befsfeke'a,1
terkavbu,1
jibycau,1
relnunbau,1
tafyge'a,1
tamlei,1
.Bobruisk.,1
gloki,1
kuzra,1
cteko,1
budla,1
bokru,1
kudra,1
cmalybokru,1
ninrai,1
relxilkarce,1
to'eki'unai,1
kamstace,1
srodi'i,1
spucpe,1
.tsar.,1
.rosi,ias.,1
vi'i,1
tercarvi,1
daurju'a,1
lojysreju'a,1
kalvi'u,1
zerpre,1
rupructcica,1
jdatcana,1
nunglecau,1
.daniel.,1
.jakob.,1
.daniyl.,1
.djeikyb.,1
sefpli,1
dusyda'eblubi'a,1
gekrai,1
bancre,1
judrypli,1
du'inairu'e,1
skucaujmi,1
fonpli,1
jbenunsla,1
glagau,1
nunta'a,1
nunzva,1
mivrai,1
jeginai,1
nalka'e,1
mrita'e,1
zifsnada,1
nunli'a,1
terjda,1
xedja,1
nunfli,1
nunve'a,1
cauxla,1
temda'o,1
nuncfa,1
nunfa'o,1
nunfusra,1
zgagau,1
su'onai,1
marsipane,1
nictu,1
.iuru'enai,1
.uris.avneris.,1
.iasir.arafat.,1
pasobiremoi,1
trixygau,1
ma'urni'u,1
karen,1
matma,1
relxilma'ekla,1
prulamji,1
xukmi,1
pendji,1
latsna,1
.iri'abo,1
reftadni,1
mulgauka'e,1
kracku,1
pujaca,1
.suzyn.grin.,1
toljgi,1
.pasifik.,1
porc,1
falgau,1
nalterlejgu'a,1
laurzengau,1
terselmlu,1
sezu'e,1
jusysku,1
selyli'i,1
danti,1
zerfu'e,1
landyn,1
.a'o.i'i,1
xagyti'a,1
sela'a,1
.nin.smit.,1
.uedai,1
vudzu'e,1
zivle,1
zdakemkulgu'a,1
xerskudji,1
xabni,1
kalmebykre,1
xlacai,1
vudmenli,1
pevglare,1
skacu,1
sucku,1
tcesmisi'u,1
timnoi,1
nilvifme'abi'o,1
romi'a,1
ra'urselja'edji,1
spenu'e,1
kulcitsi,1
mutci,1
.toki,1
zungi,1
semu'igi,1
einai,1
mulci,1
bevi,1
taslai,1
fleksio,1
baskedbol,1
spebi'osi'u,1
xelklasabji,1
kladji,1
.ibazibo,1
temselfesti,1
.nagoias.,1
kagycu'u,1
smudra,1
smitra,1
pijne,1
uigur,1
misis,1
linkoln,1
derni'agau,1
xazlenu,1
pampendo,1
torinos,1
dukce,1
megdo,1
skamrbaiti,1
7,1
zirsmela,1
secu'u,1
zandapma,1
ticprije,1
Australias,1
fu'esku,1
tanbo,1
firca,1
djabeini'u,1
sezyselfu,1
nalmorji,1
profesoro,1
slovo,1
degas,1
pamuno,1
45,1
.tokis.,1
selcti,1
.a'udai,1
cargau,1
gapnitfa'e,1
gapnitfa'egau,1
duslai,1
malsno,1
belgium,1
cinbi'abi'o,1
viba'oku,1
cripa,1
giju,1
cnici,1
filrai,1
ca'aku,1
nalprali,1
eksameno,1
.o'odai,1
nolcladu,1
trili,1
grilida,1
jim.,1
selpluka,1
za'adai,1
so'ire'u,1
taisai,1
camki'a,1
cortygau,1
renonoci,1
toltinsa,1
.kentykis.,1
fyk.,1
malvi'i,1
dakfa,1
zilmipri,1
selmikce,1
cire'u,1
naljetnu,1
kilgau,1
konai,1
surmi,1
biorka,1
cmecau,1
kanryze'a,1
taibo,1
MP3,1
selsnatci,1
zifygau,1
puzaku,1
puziku,1
campa'i,1
kamxada,1
amerikas,1
badrygau,1
.ari'anas.,1
sutyze'a,1
centero,1
uidaisai,1
trubasti,1
kanrygau,1
alminiu,1
cukmirvelvei,1
dyvydy,1
muiriel,1
dausku,1
.bastn,1
a'enai,1
tolselcurmi,1
ki'ubo,1
.itlo,1
be'unai,1
lenin,1
termenvoks,1
1920,1
.e'ese'a,1
zbiseljirna,1
Rock,1
tolstace,1
atenais,1
plita,1
ekselenta,1
pasyskaci,1
cajapu,1
visygau,1
marmelada,1
seldantypre,1
sorselnelci,1
sezmlugau,1
.uecai.ianai,1
kondomo,1
.aunaisai,1
sezgle,1
runvibna,1
prula'icte,1
tatru,1
djuti'i,1
seja'eda'i,1
ranxi,1
aniMES.,1
irsi,1
tolcu'i,1
.xrvatsk.,1
co'oi,1
ge'orge,1
mriste,1
loglo,1
bu'uku,1
italias,1
ben,1
ekstra,1
cmalymau,1
ienaipei,1
georgias,1
panoki'o,1
nunkei,1
caprai,1
Vabungula,1
Yuelami,1
Jiro,1
Coke,1
nerklastu,1
klasika,1
halloween,1
xalouin,1
presidento,1
norman.finkelctain.,1
femakau,1
no'oi,1
enge,1
prilio,1
vomoi,1
koreias,1
naipei,1
taksido,1
gi.e,1
sene'i,1
.iji'a,1
seri'anai,1
cinpe'u,1
teri'a,1
djeims,1
norsau,1
petr.,1
teni'i,1
samru'e,1
temu'i,1
uest,1
mitcinpa'i,1
seki'u,1
vlatai,1
nakpinji,1
badgau,1
clupa,1
so'isairoi,1
rodjer.klark,1
.loglan.,1
selsne,1
.iesos.,1
dag,1
jbogri,1
loglan,1
.apasionatas.,1
.artr.,1
rubnstain.,1
selsenva,1
uikis,1
bancus,1
.irk.,1
.robin.,1
.sokrates.,1
jbonei,1
bilni,1
ginka,1
.kordobas.,1
.olimpiks.,1
mojgau,1
antropo,1
Visa,1
sir,1
ci'a,1
xano,1
uitki,1
djouns,1
puzisai,1
faisybuk,1
djino,1
ciroiku,1
mi'au,1
cisu'iparoiku,1
ernace,1
xarpi,1
nalpencu,1
Heroine,1
is,1
drug.,1
pimuji'i,1
naka'enai,1
dai'i,1
3,1
zerlebna,1
zganygau,1
vukrygugde,1
proletari,1
linsi,1
kualalumpur,1
vlakemlerpoi,1
zoi.Eyjafjallajökull.zoi,1
cidjrkacera,1
broselcru,1
cidjrxalalu,1
musyselcru,1
recycau,1
tomokos,1
satos,1
ponjygugde,1
naijgi,1
crenzue,1
semauku,1
plinici'u,1
xausorgle,1
tumskiji,1
nonprali,1
nungu'a,1
.linkon.,1
vaujebabo,1
Laurie,1
xueizis,1
djuanzis,1
"lu,1
li'u",1
.iseni'inai,1
kamnu'e,1
gugyfrica,1
.kristian.anasn.,1
nalvu'e,1
puktce,1
.taros.,1
.xanakos.,1
cnigau,1
fa'i,1
ci'i,1
truralju,1
fairgau,1
snurygau,1
.oipeida'i,1
sutydji,1
ningau,1
co'urdu'u,1
tolfapro,1
.rodén.,1
ki.,1
www.google.com,1
.ki,1
.gugl.,1
da'u,1
tivnuzba,1
.pinbol.,1
ci'erselkei,1
gatyboi,1
kumyzda,1
junzenri'a,1
nalgleki,1
principe,1
naljunri,1
e'inai,1
bimoi,1
karcru,1
vy.,1
sutygau,1
.rom.,1
nu'i,1
salvador.dalis.,1
rocki,1
remgunma,1
tsazmadu,1
peisku,1
faunai,1
la'aru'e,1
jebabo,1
.zukam.,1
gi'enaiku'i,1
mamnunsla,1
Emi,1
.interlinguas.,1
.elvis.,1
atlete,1
.ryli'ex.,1
.kytxulxus.,1
zeno,1
rliex,1
ktulxus,1
ekra,1
kaspulji,1
zdigau,1
murse,1
dadgau,1
du'edji,1
pacici,1
xagri,1
narpanra,1
glazenca'a,1
toltelgau,1
nunfirsku,1
jursa,1
pobre,1
pledi'i,1
culnygau,1
prokuratoro,1
precitri,1
jalgau,1
basygau,1
sutydu'e,1
xankycfu,1
landa,1
ry,1
lingua,1
za'ureroi,1
di'ainai,1
zvacpe,1
slilygau,1
fartra,1
termosygau,1
selcuxna,1
a'unai,1
a'unaicai,1
onkle,1
selvamjymau,1
u'esai,1
terse'u,1
djice,1
vercedra,1
fe'eco'a,1
fe'eca'o,1
rauva'e,1
si'erskiji,1
rinsi'o,1
zanfu'a,1
clivygau,1
malbebna,1
jetxu'a,1
.pra'as.,1
tce'exygu'e,1
iebu'o,1
depcni,1
bitmu'i,1
.icmail.,1
fricysi'u,1
vonmasti,1
snasni,1
.pacicac.,1
faxixo'e,1
faursutrytce,1
vecu'u,1
Kevin,1
sazri.,1
rutpesxu,1
ky.,1
ja'osai,1
.kevin.,1
fe'emo'u,1
nunjbena,1
maksim,1
engranaje,1
ne'aunai,1
bislunsa,1
.enge,1
so'umei,1
.katar.,1
slugu'a,1
nudlefari,1
monsuta,1
Millie,1
.irci,1
tolspofu,1
donxosexaits,1
cidjrpitcipitci,1
dansrtinikli,1
iba,an,1
kezon,1
gusycinki,1
alitaptap,1
bangrtagalo,1
khâo,1
lǎam,1
bangrtai,1
a'ucai,1
cidjrmaxablanka,1
cidjrbukopandana,1
pagbrbikola,1
cidjrla,ingi,1
cidjrputobumbongo,1
naldamtanko,1
xomei,1
xumsle,1
metxani,1
memkai,1
.bostyn.,1
ra'a,1
ternoi,1
cidjrtamale,1
cidjrma,is,kon,ielo,1
cidjrxatainanbaboi,1
cidjrkikiami,1
cidjrsagodgulamana,1
blabu,1
cidjrdinugu,ana,1
cidjrputcero,1
cidjrsiniganga,1
cidjrxaros,a,la,kubana,1
cidjrtcampurado,1
cidjrmaru,ia,1
cidjrsisigi,1
cidjrginata,ana,1
cidjrtinola,1
cidjrpa,e,lia,1
stagrsigadilia,1
stagrkalamismisi,1
cidjrxembutido,1
cidjrmorkono,1
cidjrmetcado,1
cidjrpaksi,ui,1
cidjrpinakpete,1
cidjrbikolekpreso,1
cidjrpalitau,1
cidjrkalamai,1
jarple,1
selpinxrkalamansi,1
selpinxrbuko,1
selpinxrgrinmango,1
selpinxrtamarindo,1
selpinxrpiniakonopalo,1
selpinxrxamaika,1
selpinxrsagodgulamana,1
selpinxrsalabata,1
selpinxrpandan,ais,ti,1
.susyn.,1
cidjrlonganisa,1
cidjrbiko,1
lanjo,1
toknyjukpa,1
maiukos,1
stanruasabi,1
cidjrxopia,1
cidjrpansitpalaboko,1
cidjrlugau,1
cidjrsiopau,1
cidjrtikoi,1
cidjrxempanada,1
cidjrmakapuno,1
stagrkankongo,1
stagrxokra,1
grutrkalamiasa,1
grutrbalimbingi,1
grutrsiniguela,1
anton,1
cidjrxespasolo,1
jetce,1
li'enrafsi,1
.sy.,1
cidjrxadobo,1
cidjrmenudo,1
nanbrpandesala,1
nanbrpan,de,ube,1
nanbrpandekoko,1
nanbrkaliximi,1
nanbrpandemuerto,1
rikybakfu,1
nanbrputo,1
lejykardymi'i,1
tulcti,1
jitseldejykarda,1
vamveile'ikarda,1
selpinxrsaxlaba,1
selpinxrkarkade,1
a'ei,1
uese'i,1
uidai,1
i'u,1
i'unai,1
gugdejumu,1
jisrnsorele,1
cidjrtako,iaki,1
cidjrkanomtcana,1
cidjrkaulama,1
cidjrtom,iam,gai,1
grutrmakopa,1
grutrlansone,1
cidjrsumana,1
nimrnkilaimi,1
nimrnlaimi,1
tlatelpas,1
carcna,1
fletu'u,1
mo'iru'u,1
narslutroka'e,1
za'oku,1
jaurgacmi'imle,1
darsygau,1
nimre,1
papypei,1
xobis,1
xlafri,1
tarla,1
elkotero,1
labypre,1
datnyvei,1
xaloxalos,1
jgitrbalalaika,1
tolstois,1
bangrnterlingua,1
bangrsperanto,1
mi'irtrusi'o,1
samtrusi'o,1
cipnrfasani,1
ija'ebo,1
LIkoric,1
bablgym,1
skuidink,1
makadamias,1
cidjrlukumu,1
lukum,1
MARCmalos,1
cidjrxamburgero,1
cidjrmarcmalo,1
nanbrpankeiki,1
nanbrmafina,1
cabo,1
blopre,1
nelcu'a,1
zirgenja,1
spatrxapio,1
transite,1
gloriia,1
gugdekuzu,1
banku'azu,1
cirske,1
kluske,1
rutrsizigiu,1
rutrmakopa,1
rutrxanonaskuamosa,1
rutrtcerimo,ia,1
rutrpinia,1
rutrxanana,1
estampa,1
fema,1
fe'ireva'e,1
su'ei,1
jesyspa,1
genjrdjinsengi,1
rutrmango,1
tcatrsmuzi,1
rutrkiui,1
bolcrtapioka,1
bavlamjeftu,1
vankuver,1
Zug,1
tolmipri,1
blondino,1
mentolcre,1
muljbi,1
zanrai,1
bi'a,1
guzmrsuika,1
nimrnkalamansi,1
nimrnkumkuata,1
nargu,1
rutrxananase,1
kafrxamareto,1
kafrbombono,1
kafrkubano,1
kafrde,o,ia,1
kafrlate,1
kafrmeditci,1
kafrmieli,1
kafrspreso,1
kafrmoka,1
kafrtcailate,1
kafrbarako,1
toljmaji,1
naly'aktygau,1
bagi,1
cukcartu,1
pixokau,1
bisyckafi,1
obamas,1
romni,1
O,1
boi,1
R,1
anci,1
nilcla,1
cirlrxalapenio,1
cirlrxavarti,1
cirlrfeta,1
cirlrsuisi,1
sparalo'e,1
fircku,1
A,1
B,1
nanstici,1
djaspa,1
xunsmela,1
rutrskuamosa,1
birkoku,1
nanbrtai,iaki,1
zgurutstasu,1
carLIS.,1
1000,1
masKUAS,1
avatar,1
mam,1
vonfu'ivla,1
gy.http://example.org/.gy.,1
cibyfu'ivla,1
cidjrpitsa,1
gy.Steins;Gate.gy.,1
kinrxanime,1
porsi,1
gy.The,1
Age,1
of,1
Spiritual,1
Machines.gy.,1
gy.Ray,1
Kurzweil.gy.,1
gy.Amsterdam.gy.,1
gy.Fanta.gy.,1
sodva,1
gy.Deutschland.gy.,1
gy.Pfirsichbaeumchen.gy.,1
kafpraca'a,1
nilji'etei,1
malvi'e,1
blozeile'a,1
du'a,1
trudijgri,1
jenis,1
bastyn,1
toltaske,1
bakcmo,1
ga'e,1
ga'ezeilerfu,1
pojbre,1
gy.Microsoft.gy.,1
da'ergau,1
zulselpevysmacu,1
gy.http://tatoeba.org/.gy.,1
je'utra,1
tolpo'u,1
muki'o,1
gy.How,1
you,1
say,1
“I,1
ate,1
apple.”,1
in,1
Lojban?.gy.,1
xalni,1
sarnas,1
mornas,1
.u'anaicai,1
toltu'i,1
ra'o,1
tceraso,1
.iacu'i,1
mi'amli,1
pavmitcinse,1
relcinse,1
romas,1
o,1
anai,1
se.u,1
na.anai,1
se.unai,1
na.u,1
nagi'o,1
gurni,1
paxono,1
xomoi,1
kandi,1
gu'i,1
ruskypre,1
oisai,1
.einai,1
gy.gerund.gy.,1
nanbrsaurdo,1
cirlrtceda,1
sobde,1
ladrntaro,1
kacna'u,1
xinmo,1
tonis.,1
nartinka'e,1
pedros,1
zdifi,1
gy.Britney,1
Spears.gy.,1
fasnyvla,1
rigypanci,1
pu'arpanci,1
dy.Chronik,1
eines,1
angekündigten,1
Todes.dy.,1
cy.Gabriel,1
García,1
Márquez.cy.,1
bancu'olu,1
fy.Aix-la-Chapelle.fy.,1
dy.Aachen.gy,1
gy.SpaceChem.gy.,1
gy.Steve.gy.,1
gy.Halloween.gy.,1
gy.Mrs.,1
Parker.gy.,1
misiz.parkyr,1
gy.Millie.gy.,1
gypysys,1
my.GPS.my.,1
namcrgogolo,1
gy.IBM.gy.,1
ibubymys,1
my.Jiro.gy.,1
gy.Coke.gy.,1
jiros,1
kokakolas,1
ry.Саша.ry.,1
gy.PTA.gy.,1
gy.precise.gy.,1
gy.Lollipop.gy.,1
.u.01.u.,1
dy.Zug.gy.,1
py.Tatoeba.py.,1
djunkos,1
gy.Emi.gy.,1
gy.Laurie.gy.,1
gy.Visa.gy.,1
gy.Pinocchio.gy.,1
gy.cntrational.gy.,1
xy.Vabungula.xy.,1
xy.Yuelami.xy.,1
jyfykys,1
cy'ibu'abus,1
gy.Russell.gy.,1
gy.Principia,1
Mathematica.gy.,1
gy.Pharamp.gy.,1
ly.Schlumbergera,1
truncata.ly.,1
gy.Chicago.gy.,1
gy.Boston.gy.,1
gy.Android.gy.,1
za'uva'e,1
gy.Lucifera.gy.,1
lutsiferas,1
by.XXX.by.,1
gy.Noelia.gy.,1
vi'osai,1
pevysmacyki'e,1
incala,1
Ha,1
lo!,1
40,1
baucre,1
selcni,1
nafse'i,1
ga'inde,1
.buc.,1
zu'unai,1
zu'ucu'i,1
mixel.,1
xiuston,1
le'opold,1
siptcu,1
sipydji,1
krictianu.runaldus,1
maRIS.,1
.nix.grin.,1
seksi,1
bazisai,1
jarki,1
smetana,1
.ijonai,1
celgau,1
alna,1
xo'i,1
pandi,1
gy.Alice.gy.,1
.dòrotis.,1
nu'a,1
va'a,1
ma'u,1
ledo,1
so'ova'e,1
punli,1
badri.,1
zohu:,1
Ropno,1
Gunma,,1
sai!,1
4,1
6,1
landegna'u,1
nePAL.,1
Nepal,1
banynupu'i,1
dy.Sprache.dy.,1
patlucipsi,1
11,1
loisli,1
vajrai,1
skandale,1
tsubame,1
natacas,1
rukygu'e,1
piso'o,1
pinonopa,1
burj,1
xalifas,1
e'icu'i,1
zifre'a,1
sezbanzu,1
cuxykamvli,1
muplis,1
truci'e,1
gy.Funny,1
Kittens,1
International.gy.,1
gy.US,1
501(c)(3),1
non-profit.gy.,1
xansli,1
dejru'a,1
dijypanka,1
kelvrfarenxaito,1
ni'au,1
pamai,1
vonmoija'a,1
visysanji,1
xagjijnu,1
denburcu,1
karlos,1
retpei,1
ce'iva'e,1
xuku,1
ritli,1
livga,1
.eiro'u,1
peizo'onai,1
co'urji'e,1
zimon,1
ci'u,1
punai,1
paroinai,1
vama,1
ka'orgau,1
terzbipu'i,1
xaskel,1
kambebna,1
flani,1
.be'usai,1
mu'imakau,1
xebysrijbe,1
bangidu'o,1
gy.Na’vi.gy.,1
runbau,1
nutli,1
bridi,1
narcmaci,1
.e'unaicai,1
fi'ortu'a,1
grim,1
gy.I'm,1
Tom..gy.,1
runla'u,1
mroruxpre,1
zmaile,1
munono,1
sornairauci'e,1
muvysutra,1
fi'ubu,1
.uinaisai,1
zdimi'a,1
iuro'o,1
ienaisai,1
pimu,1
gaja,1
e'anmo,1
jongau,1
ge'u,1
.troias.,1
malsamtci,1
eidai,1
mripre,1
aile'o,1
rapyda'i,1
.xauaiis.,1
to'eri'anai,1
tubypa'i,1
e'oga'inai,1
kei,,1
puzuvukiku,1
ziljmina,1
ci'irpa'i,1
za'umoi,1
jecabo,1
pedypa'i,1
cinpa'i,1
sicpi,1
pu'au,1
banvoksle,1
na'oku,1
ri'u,1
.du'olingos.,1
vidnyjarco,1
veronik,1
tcenelci,1
ianai,1
ie'i,1
selji'i,1
gy.Tarō.gy.,1
la'anaicai,1
.oiro'a,1
gy.ZZ,1
Top.gy.,1
xangle,1
peter,1
narcumki,1
mispre,1
jetyja'o,1
baze'e,1
fonjontoi,1
troiaxirmalsamtci,1
tcigaso,1
meti,1
.ijanai,1
ju'acu'i,1
uei'e,1
ko'au,1
smudu'a,1
ji'isre,1
smoka,1
cicna,1
ju'oi,1
mo'ica'u,1
srubo'u,1
gerxu,1
.ijebabo,1
zbabu,1
sudysrasu,1
.ibabo,1
cabdeicerni,1
runme,1
nu'edo'u,1
kolme,1
.iseki'u,1
tisycanti,1
[jo'au,1
gadganzu],1
i'anai,1
tsaprpiperi,1
katnygau,1
.iseja'ebo,1
li'asai,1
ritygu'e,1
ji'ini'u,1
je'uru'e,1
zdicaucri,1
primi'u,1
ticta'u,1
rexa,1
renopano,1
pei.ei,1
damva'o,1
nalreldilcymu'o,1
rode,1
gy.Abraham,1
Lincoln.gy.,1
matci,1
paRIS,1
tcutca,1
gy.Lee,1
Leffingwell.gy.,1
gy.Austin,1
City,1
Council.gy.,1
ridrxobi,1
zauron,1
zy.,1
mumplin,1
mudyctijalra,1
betmyn,1
ki'oki'o,1
nilxa'ugri,1
5,1
10,1
o'anai,1
gugle,1
cikyjunla,1
.aicai,1
.u'unai,1
tabra,1
zgitci,1
.e'uro'o,1
kensylitru,1
pluton,1
xavax,1
dimnu'e,1
la'apei,1
cau'a,1
ja'aku,1
gligugde,1
emilis,1
puzuba'o,1
uidje,1
FVD,1
sitsku,1
metu,1
cladakfu,1
boltipgrijvi,1
specfari'i,1
prezi'ejva,1
marde,1
sreselbandu,1
sipgau,1
gugyka'i,1
tolka'i,1
mradi'u,1
.xakatas.,1
ctikabri,1
dibmle,1
ju'odji,1
.a'onai,1
na'ipei,1
zdane'i,1
pagmu'u,1
tankyva'u,1
imposta,1
jifkritrazu'e,1
lojycpa,1
na'aktigau,1
nunctu,1
rorci,1
pipe,1
.arco,1
smugau,1
jbeseltei,1
cidro,1
lizdu'o,1
dumdu'o,1
li'imdu,1
kamcedu,1
taiku,1
da'amei,1
.sol.,1
ga'arpatlu,1
tokpona,1
za'uroi,1
cimlu,1
nalterdi,1
.feisybuk.,1
ciknygau,1
relxima,1
.robertos.,1
zvaxru,1
VBA,1
zilfadni,1
xruse'a,1
keldai,1
.tenis.,1
xrupleji,1
samtci,1
matra,1
zbaske,1
selpre,1
gaurdju,1
seldju,1
cityge'u,1
firkre,1
to'ai,1
dubji'i,1
zerbe'e,1
.dan.,1
rifnau,1
mrodunja,1
.erek.klaptyn.,1
ticyselzu'e,1
jaurbeima'i,1
relma'i,1
ba'orgau,1
remselju'o,1
nunkesfakli'u,1
zonkai,1
blobeitsina,1
caidji,1
prera'a,1
paprylolnoi,1
sa'orvlapoi,1
cfifa'i,1
pamkansa,1
ja'ai,1
dagysfe,1
stigau,1
velxai,1
cagna,1
tumtru,1
zanynu'e,1
.bastyn.,1
prezerle'a,1
djepau,1
ICANN,1
IP,1
DNS,1
capli'u,1
celga'a,1
tupcidni,1
solgu'i,1
dabytadji,1
fukapi,1
jefyfa'o,1
bavlamjetfu,1
degja'i,1
djunoi,1
.meari.,1
prulamyzeldei,1
gugdejupunu,1
de'ei,1
strekla,1
彼はお金が必要だ。,1
トムを心配しないで。,1
mlerai,1
bandu'anu,1
baurgurucu,1
tolpu'a,1
.salis.,1
cimni,1
.xirocis.,1
zvada'o,1
alen,1
tivmi'i,1
sipnyzu'e,1
clirydu'e,1
.niger.,1
remve'a,1
djaka'u,1
.antigus.,1
brivla,1
fityzau,1
djalazani,1
driri'a,1
mulpau,1
xlamau,1
cabycedra,1
calbra,1
kibycpa,1
ca'abna,1
krinandu,1
filmau,1
sfailyste,1
mariias,1
zvakansa,1
gustci,1
.akti,1
nalfaudri,1
.fudjis.,1
fengygau,1
raunzu,1
bavda'o,1
jibykai,1
kanguru,1
.kiiucus.,1
.ris.miĭazaŭas.li'u,1
galcpare,1
porpygau,1
.nesis.,1
jmifrili,1
zvasto,1
nilzvada'o*,1
.inda,1
mibypre,1
.tokiĭos.,1
.o'y,1
.a'y,1
zmakanpe,1
cu'uxna,1
zilska,1
fagdei,1
djonatan,1
suuift,1
zukcpe,1
brabra,1
17,1
samantas,1
zoi.kaisha.zoi,1
suzan,1
timis,1
limxone,1
cpina,1
xanguko,1
bibliias,1
titanik,1
24,1
merpati,1
tim,1
temyzi'e,1
514,1
12,1
meckanpe,1
xocimin,1
viietnam,1
banvu'i'e,1
manti,1
cantu'a,1
mi''a,1
mokcu,1
ensaio,1
lante,1
ciski,1
piter,1
senci,1
xasne,1
audji,1
marikas,1
uortele,1
glife,1
vi'anka,1
visnalka'e,1
blupinxe,1
1865,1
xavaiis,1
kircaiu,1
zvajuncri,1
relmei,1
.e'arnainde,1
citnyme'a,1
ci'onmau,1
pinpedi,1
re'olte,1
tagji,1
barat,1
iukinas,1
maudji,1
sfubu,1
dubju'o,1
bromeli,1
kanpylerci,1
permite,1
pltu,1
gibraltar,1
zilduke,1
zanza'a,1
caudri,1
.ei'i,1
lertasmi,1
tcemli,1
ticyzu'e,1
faumlu,1
srebandu,1
spaso'a,1
.ĭoko'amas.,1
.edgar.degas.,1
bi'ai,1
football,1
soccer,1
tinydjutci,1
.tamakos.,1
.I,1
glanejni,1
melanis,1
bantuzulu,1
la'au,1
banzuka,1
mi.,1
ra.,1
bau.,1
porto.,1
veltivni.,1
rirni.,1
nilsutra,1
dubmau,1
jimte.,1
Le,1
tutra.,1
tanbargu.,1
zo'e.,1
cpedu?,1
pendo.,1
melbi.,1
tiljydu'e,1
dunsi'u,1
ro'oi,1
sorcu,1
cazgau,1
maxmud.,1
mi'ircelxa'i,1
xalda,1
.angila,1
tsarainaitrusi'o,1
tolpifygau,1
pesygoi,1
bromalsi,1
ku'irni,1
jbojevysofkemsuzgugje'ake'eborkemfaipaltrusi'oke'ekemgubyseltru,1
naun.smit.,1
nardalprapli,1
,1
